"TIME","GEO","STATINFO","Value"
"1995Q1","Belgium","Value at the end of the period","0.94387864"
"1995Q2","Belgium","Value at the end of the period","0.94837750"
"1995Q3","Belgium","Value at the end of the period","0.95682323"
"1995Q4","Belgium","Value at the end of the period","0.95929588"
"1996Q1","Belgium","Value at the end of the period","0.96485118"
"1996Q2","Belgium","Value at the end of the period","0.97693847"
"1996Q3","Belgium","Value at the end of the period","0.97929097"
"1996Q4","Belgium","Value at the end of the period","0.99410509"
"1997Q1","Belgium","Value at the end of the period","0.99844571"
"1997Q2","Belgium","Value at the end of the period","1.0077516"
"1997Q3","Belgium","Value at the end of the period","1.0058131"
"1997Q4","Belgium","Value at the end of the period","1.0105999"
"1998Q1","Belgium","Value at the end of the period","1.0157561"
"1998Q2","Belgium","Value at the end of the period","1.0112742"
"1998Q3","Belgium","Value at the end of the period","1.0035771"
"1998Q4","Belgium","Value at the end of the period","1.0000000"
"1999Q1","Belgium","Value at the end of the period","1.0000000"
"1999Q2","Belgium","Value at the end of the period","1.0000000"
"1999Q3","Belgium","Value at the end of the period","1.0000000"
"1999Q4","Belgium","Value at the end of the period","1.0000000"
"2000Q1","Belgium","Value at the end of the period","1.0000000"
"2000Q2","Belgium","Value at the end of the period","1.0000000"
"2000Q3","Belgium","Value at the end of the period","1.0000000"
"2000Q4","Belgium","Value at the end of the period","1.0000000"
"2001Q1","Belgium","Value at the end of the period","1.0000000"
"2001Q2","Belgium","Value at the end of the period","1.0000000"
"2001Q3","Belgium","Value at the end of the period","1.0000000"
"2001Q4","Belgium","Value at the end of the period","1.0000000"
"2002Q1","Belgium","Value at the end of the period","1.0000000"
"2002Q2","Belgium","Value at the end of the period","1.0000000"
"2002Q3","Belgium","Value at the end of the period","1.0000000"
"2002Q4","Belgium","Value at the end of the period","1.0000000"
"2003Q1","Belgium","Value at the end of the period","1.0000000"
"2003Q2","Belgium","Value at the end of the period","1.0000000"
"2003Q3","Belgium","Value at the end of the period","1.0000000"
"2003Q4","Belgium","Value at the end of the period","1.0000000"
"2004Q1","Belgium","Value at the end of the period","1.0000000"
"2004Q2","Belgium","Value at the end of the period","1.0000000"
"2004Q3","Belgium","Value at the end of the period","1.0000000"
"2004Q4","Belgium","Value at the end of the period","1.0000000"
"2005Q1","Belgium","Value at the end of the period","1.0000000"
"2005Q2","Belgium","Value at the end of the period","1.0000000"
"2005Q3","Belgium","Value at the end of the period","1.0000000"
"2005Q4","Belgium","Value at the end of the period","1.0000000"
"2006Q1","Belgium","Value at the end of the period","1.0000000"
"2006Q2","Belgium","Value at the end of the period","1.0000000"
"2006Q3","Belgium","Value at the end of the period","1.0000000"
"2006Q4","Belgium","Value at the end of the period","1.0000000"
"2007Q1","Belgium","Value at the end of the period","1.0000000"
"2007Q2","Belgium","Value at the end of the period","1.0000000"
"2007Q3","Belgium","Value at the end of the period","1.0000000"
"2007Q4","Belgium","Value at the end of the period","1.0000000"
"2008Q1","Belgium","Value at the end of the period","1.0000000"
"2008Q2","Belgium","Value at the end of the period","1.0000000"
"2008Q3","Belgium","Value at the end of the period","1.0000000"
"2008Q4","Belgium","Value at the end of the period","1.0000000"
"2009Q1","Belgium","Value at the end of the period","1.0000000"
"2009Q2","Belgium","Value at the end of the period","1.0000000"
"2009Q3","Belgium","Value at the end of the period","1.0000000"
"2009Q4","Belgium","Value at the end of the period","1.0000000"
"2010Q1","Belgium","Value at the end of the period","1.0000000"
"2010Q2","Belgium","Value at the end of the period","1.0000000"
"2010Q3","Belgium","Value at the end of the period","1.0000000"
"2010Q4","Belgium","Value at the end of the period","1.0000000"
"2011Q1","Belgium","Value at the end of the period","1.0000000"
"2011Q2","Belgium","Value at the end of the period","1.0000000"
"2011Q3","Belgium","Value at the end of the period","1.0000000"
"2011Q4","Belgium","Value at the end of the period","1.0000000"
"2012Q1","Belgium","Value at the end of the period","1.0000000"
"2012Q2","Belgium","Value at the end of the period","1.0000000"
"2012Q3","Belgium","Value at the end of the period","1.0000000"
"2012Q4","Belgium","Value at the end of the period","1.0000000"
"2013Q1","Belgium","Value at the end of the period","1.0000000"
"2013Q2","Belgium","Value at the end of the period","1.0000000"
"2013Q3","Belgium","Value at the end of the period","1.0000000"
"2013Q4","Belgium","Value at the end of the period","1.0000000"
"2014Q1","Belgium","Value at the end of the period","1.0000000"
"2014Q2","Belgium","Value at the end of the period","1.0000000"
"1995Q1","Germany (until 1990 former territory of the FRG)","Value at the end of the period","0.94677400"
"1995Q2","Germany (until 1990 former territory of the FRG)","Value at the end of the period","0.95134305"
"1995Q3","Germany (until 1990 former territory of the FRG)","Value at the end of the period","0.95961272"
"1995Q4","Germany (until 1990 former territory of the FRG)","Value at the end of the period","0.96325857"
"1996Q1","Germany (until 1990 former territory of the FRG)","Value at the end of the period","0.96835103"
"1996Q2","Germany (until 1990 former territory of the FRG)","Value at the end of the period","0.97909327"
"1996Q3","Germany (until 1990 former territory of the FRG)","Value at the end of the period","0.98117935"
"1996Q4","Germany (until 1990 former territory of the FRG)","Value at the end of the period","0.99524499"
"1997Q1","Germany (until 1990 former territory of the FRG)","Value at the end of the period","0.99807243"
"1997Q2","Germany (until 1990 former territory of the FRG)","Value at the end of the period","1.0073422"
"1997Q3","Germany (until 1990 former territory of the FRG)","Value at the end of the period","1.0052612"
"1997Q4","Germany (until 1990 former territory of the FRG)","Value at the end of the period","1.0104764"
"1998Q1","Germany (until 1990 former territory of the FRG)","Value at the end of the period","1.0156353"
"1998Q2","Germany (until 1990 former territory of the FRG)","Value at the end of the period","1.0113814"
"1998Q3","Germany (until 1990 former territory of the FRG)","Value at the end of the period","1.0033643"
"1998Q4","Germany (until 1990 former territory of the FRG)","Value at the end of the period","1.0000000"
"1999Q1","Germany (until 1990 former territory of the FRG)","Value at the end of the period","1.0000000"
"1999Q2","Germany (until 1990 former territory of the FRG)","Value at the end of the period","1.0000000"
"1999Q3","Germany (until 1990 former territory of the FRG)","Value at the end of the period","1.0000000"
"1999Q4","Germany (until 1990 former territory of the FRG)","Value at the end of the period","1.0000000"
"2000Q1","Germany (until 1990 former territory of the FRG)","Value at the end of the period","1.0000000"
"2000Q2","Germany (until 1990 former territory of the FRG)","Value at the end of the period","1.0000000"
"2000Q3","Germany (until 1990 former territory of the FRG)","Value at the end of the period","1.0000000"
"2000Q4","Germany (until 1990 former territory of the FRG)","Value at the end of the period","1.0000000"
"2001Q1","Germany (until 1990 former territory of the FRG)","Value at the end of the period","1.0000000"
"2001Q2","Germany (until 1990 former territory of the FRG)","Value at the end of the period","1.0000000"
"2001Q3","Germany (until 1990 former territory of the FRG)","Value at the end of the period","1.0000000"
"2001Q4","Germany (until 1990 former territory of the FRG)","Value at the end of the period","1.0000000"
"2002Q1","Germany (until 1990 former territory of the FRG)","Value at the end of the period","1.0000000"
"2002Q2","Germany (until 1990 former territory of the FRG)","Value at the end of the period","1.0000000"
"2002Q3","Germany (until 1990 former territory of the FRG)","Value at the end of the period","1.0000000"
"2002Q4","Germany (until 1990 former territory of the FRG)","Value at the end of the period","1.0000000"
"2003Q1","Germany (until 1990 former territory of the FRG)","Value at the end of the period","1.0000000"
"2003Q2","Germany (until 1990 former territory of the FRG)","Value at the end of the period","1.0000000"
"2003Q3","Germany (until 1990 former territory of the FRG)","Value at the end of the period","1.0000000"
"2003Q4","Germany (until 1990 former territory of the FRG)","Value at the end of the period","1.0000000"
"2004Q1","Germany (until 1990 former territory of the FRG)","Value at the end of the period","1.0000000"
"2004Q2","Germany (until 1990 former territory of the FRG)","Value at the end of the period","1.0000000"
"2004Q3","Germany (until 1990 former territory of the FRG)","Value at the end of the period","1.0000000"
"2004Q4","Germany (until 1990 former territory of the FRG)","Value at the end of the period","1.0000000"
"2005Q1","Germany (until 1990 former territory of the FRG)","Value at the end of the period","1.0000000"
"2005Q2","Germany (until 1990 former territory of the FRG)","Value at the end of the period","1.0000000"
"2005Q3","Germany (until 1990 former territory of the FRG)","Value at the end of the period","1.0000000"
"2005Q4","Germany (until 1990 former territory of the FRG)","Value at the end of the period","1.0000000"
"2006Q1","Germany (until 1990 former territory of the FRG)","Value at the end of the period","1.0000000"
"2006Q2","Germany (until 1990 former territory of the FRG)","Value at the end of the period","1.0000000"
"2006Q3","Germany (until 1990 former territory of the FRG)","Value at the end of the period","1.0000000"
"2006Q4","Germany (until 1990 former territory of the FRG)","Value at the end of the period","1.0000000"
"2007Q1","Germany (until 1990 former territory of the FRG)","Value at the end of the period","1.0000000"
"2007Q2","Germany (until 1990 former territory of the FRG)","Value at the end of the period","1.0000000"
"2007Q3","Germany (until 1990 former territory of the FRG)","Value at the end of the period","1.0000000"
"2007Q4","Germany (until 1990 former territory of the FRG)","Value at the end of the period","1.0000000"
"2008Q1","Germany (until 1990 former territory of the FRG)","Value at the end of the period","1.0000000"
"2008Q2","Germany (until 1990 former territory of the FRG)","Value at the end of the period","1.0000000"
"2008Q3","Germany (until 1990 former territory of the FRG)","Value at the end of the period","1.0000000"
"2008Q4","Germany (until 1990 former territory of the FRG)","Value at the end of the period","1.0000000"
"2009Q1","Germany (until 1990 former territory of the FRG)","Value at the end of the period","1.0000000"
"2009Q2","Germany (until 1990 former territory of the FRG)","Value at the end of the period","1.0000000"
"2009Q3","Germany (until 1990 former territory of the FRG)","Value at the end of the period","1.0000000"
"2009Q4","Germany (until 1990 former territory of the FRG)","Value at the end of the period","1.0000000"
"2010Q1","Germany (until 1990 former territory of the FRG)","Value at the end of the period","1.0000000"
"2010Q2","Germany (until 1990 former territory of the FRG)","Value at the end of the period","1.0000000"
"2010Q3","Germany (until 1990 former territory of the FRG)","Value at the end of the period","1.0000000"
"2010Q4","Germany (until 1990 former territory of the FRG)","Value at the end of the period","1.0000000"
"2011Q1","Germany (until 1990 former territory of the FRG)","Value at the end of the period","1.0000000"
"2011Q2","Germany (until 1990 former territory of the FRG)","Value at the end of the period","1.0000000"
"2011Q3","Germany (until 1990 former territory of the FRG)","Value at the end of the period","1.0000000"
"2011Q4","Germany (until 1990 former territory of the FRG)","Value at the end of the period","1.0000000"
"2012Q1","Germany (until 1990 former territory of the FRG)","Value at the end of the period","1.0000000"
"2012Q2","Germany (until 1990 former territory of the FRG)","Value at the end of the period","1.0000000"
"2012Q3","Germany (until 1990 former territory of the FRG)","Value at the end of the period","1.0000000"
"2012Q4","Germany (until 1990 former territory of the FRG)","Value at the end of the period","1.0000000"
"2013Q1","Germany (until 1990 former territory of the FRG)","Value at the end of the period","1.0000000"
"2013Q2","Germany (until 1990 former territory of the FRG)","Value at the end of the period","1.0000000"
"2013Q3","Germany (until 1990 former territory of the FRG)","Value at the end of the period","1.0000000"
"2013Q4","Germany (until 1990 former territory of the FRG)","Value at the end of the period","1.0000000"
"2014Q1","Germany (until 1990 former territory of the FRG)","Value at the end of the period","1.0000000"
"2014Q2","Germany (until 1990 former territory of the FRG)","Value at the end of the period","1.0000000"
"1995Q1","Estonia","Value at the end of the period","0.94700552"
"1995Q2","Estonia","Value at the end of the period","0.95088177"
"1995Q3","Estonia","Value at the end of the period","0.95970120"
"1995Q4","Estonia","Value at the end of the period","0.96330749"
"1996Q1","Estonia","Value at the end of the period","0.96791494"
"1996Q2","Estonia","Value at the end of the period","0.97941179"
"1996Q3","Estonia","Value at the end of the period","0.98106146"
"1996Q4","Estonia","Value at the end of the period","0.99536347"
"1997Q1","Estonia","Value at the end of the period","0.99851021"
"1997Q2","Estonia","Value at the end of the period","1.0074708"
"1997Q3","Estonia","Value at the end of the period","1.0055595"
"1997Q4","Estonia","Value at the end of the period","1.0102977"
"1998Q1","Estonia","Value at the end of the period","1.0156247"
"1998Q2","Estonia","Value at the end of the period","1.0113733"
"1998Q3","Estonia","Value at the end of the period","1.0034011"
"1998Q4","Estonia","Value at the end of the period","1.0000000"
"1999Q1","Estonia","Value at the end of the period","1.0000000"
"1999Q2","Estonia","Value at the end of the period","1.0000000"
"1999Q3","Estonia","Value at the end of the period","1.0000000"
"1999Q4","Estonia","Value at the end of the period","1.0000000"
"2000Q1","Estonia","Value at the end of the period","1.0000000"
"2000Q2","Estonia","Value at the end of the period","1.0000000"
"2000Q3","Estonia","Value at the end of the period","1.0000000"
"2000Q4","Estonia","Value at the end of the period","1.0000000"
"2001Q1","Estonia","Value at the end of the period","1.0000000"
"2001Q2","Estonia","Value at the end of the period","1.0000000"
"2001Q3","Estonia","Value at the end of the period","1.0000000"
"2001Q4","Estonia","Value at the end of the period","1.0000000"
"2002Q1","Estonia","Value at the end of the period","1.0000000"
"2002Q2","Estonia","Value at the end of the period","1.0000000"
"2002Q3","Estonia","Value at the end of the period","1.0000000"
"2002Q4","Estonia","Value at the end of the period","1.0000000"
"2003Q1","Estonia","Value at the end of the period","1.0000000"
"2003Q2","Estonia","Value at the end of the period","1.0000000"
"2003Q3","Estonia","Value at the end of the period","1.0000000"
"2003Q4","Estonia","Value at the end of the period","1.0000000"
"2004Q1","Estonia","Value at the end of the period","1.0000000"
"2004Q2","Estonia","Value at the end of the period","1.0000000"
"2004Q3","Estonia","Value at the end of the period","1.0000000"
"2004Q4","Estonia","Value at the end of the period","1.0000000"
"2005Q1","Estonia","Value at the end of the period","1.0000000"
"2005Q2","Estonia","Value at the end of the period","1.0000000"
"2005Q3","Estonia","Value at the end of the period","1.0000000"
"2005Q4","Estonia","Value at the end of the period","1.0000000"
"2006Q1","Estonia","Value at the end of the period","1.0000000"
"2006Q2","Estonia","Value at the end of the period","1.0000000"
"2006Q3","Estonia","Value at the end of the period","1.0000000"
"2006Q4","Estonia","Value at the end of the period","1.0000000"
"2007Q1","Estonia","Value at the end of the period","1.0000000"
"2007Q2","Estonia","Value at the end of the period","1.0000000"
"2007Q3","Estonia","Value at the end of the period","1.0000000"
"2007Q4","Estonia","Value at the end of the period","1.0000000"
"2008Q1","Estonia","Value at the end of the period","1.0000000"
"2008Q2","Estonia","Value at the end of the period","1.0000000"
"2008Q3","Estonia","Value at the end of the period","1.0000000"
"2008Q4","Estonia","Value at the end of the period","1.0000000"
"2009Q1","Estonia","Value at the end of the period","1.0000000"
"2009Q2","Estonia","Value at the end of the period","1.0000000"
"2009Q3","Estonia","Value at the end of the period","1.0000000"
"2009Q4","Estonia","Value at the end of the period","1.0000000"
"2010Q1","Estonia","Value at the end of the period","1.0000000"
"2010Q2","Estonia","Value at the end of the period","1.0000000"
"2010Q3","Estonia","Value at the end of the period","1.0000000"
"2010Q4","Estonia","Value at the end of the period","1.0000000"
"2011Q1","Estonia","Value at the end of the period","1.0000000"
"2011Q2","Estonia","Value at the end of the period","1.0000000"
"2011Q3","Estonia","Value at the end of the period","1.0000000"
"2011Q4","Estonia","Value at the end of the period","1.0000000"
"2012Q1","Estonia","Value at the end of the period","1.0000000"
"2012Q2","Estonia","Value at the end of the period","1.0000000"
"2012Q3","Estonia","Value at the end of the period","1.0000000"
"2012Q4","Estonia","Value at the end of the period","1.0000000"
"2013Q1","Estonia","Value at the end of the period","1.0000000"
"2013Q2","Estonia","Value at the end of the period","1.0000000"
"2013Q3","Estonia","Value at the end of the period","1.0000000"
"2013Q4","Estonia","Value at the end of the period","1.0000000"
"2014Q1","Estonia","Value at the end of the period","1.0000000"
"2014Q2","Estonia","Value at the end of the period","1.0000000"
"1995Q1","Ireland","Value at the end of the period","1.0513038"
"1995Q2","Ireland","Value at the end of the period","1.0392504"
"1995Q3","Ireland","Value at the end of the period","1.0359586"
"1995Q4","Ireland","Value at the end of the period","1.0417922"
"1996Q1","Ireland","Value at the end of the period","1.0355869"
"1996Q2","Ireland","Value at the end of the period","1.0022576"
"1996Q3","Ireland","Value at the end of the period","0.99704278"
"1996Q4","Ireland","Value at the end of the period","0.94638912"
"1997Q1","Ireland","Value at the end of the period","0.94050896"
"1997Q2","Ireland","Value at the end of the period","0.95066052"
"1997Q3","Ireland","Value at the end of the period","0.97128487"
"1997Q4","Ireland","Value at the end of the period","0.98018828"
"1998Q1","Ireland","Value at the end of the period","1.0031312"
"1998Q2","Ireland","Value at the end of the period","0.99734879"
"1998Q3","Ireland","Value at the end of the period","0.99719007"
"1998Q4","Ireland","Value at the end of the period","1.0000000"
"1999Q1","Ireland","Value at the end of the period","1.0000000"
"1999Q2","Ireland","Value at the end of the period","1.0000000"
"1999Q3","Ireland","Value at the end of the period","1.0000000"
"1999Q4","Ireland","Value at the end of the period","1.0000000"
"2000Q1","Ireland","Value at the end of the period","1.0000000"
"2000Q2","Ireland","Value at the end of the period","1.0000000"
"2000Q3","Ireland","Value at the end of the period","1.0000000"
"2000Q4","Ireland","Value at the end of the period","1.0000000"
"2001Q1","Ireland","Value at the end of the period","1.0000000"
"2001Q2","Ireland","Value at the end of the period","1.0000000"
"2001Q3","Ireland","Value at the end of the period","1.0000000"
"2001Q4","Ireland","Value at the end of the period","1.0000000"
"2002Q1","Ireland","Value at the end of the period","1.0000000"
"2002Q2","Ireland","Value at the end of the period","1.0000000"
"2002Q3","Ireland","Value at the end of the period","1.0000000"
"2002Q4","Ireland","Value at the end of the period","1.0000000"
"2003Q1","Ireland","Value at the end of the period","1.0000000"
"2003Q2","Ireland","Value at the end of the period","1.0000000"
"2003Q3","Ireland","Value at the end of the period","1.0000000"
"2003Q4","Ireland","Value at the end of the period","1.0000000"
"2004Q1","Ireland","Value at the end of the period","1.0000000"
"2004Q2","Ireland","Value at the end of the period","1.0000000"
"2004Q3","Ireland","Value at the end of the period","1.0000000"
"2004Q4","Ireland","Value at the end of the period","1.0000000"
"2005Q1","Ireland","Value at the end of the period","1.0000000"
"2005Q2","Ireland","Value at the end of the period","1.0000000"
"2005Q3","Ireland","Value at the end of the period","1.0000000"
"2005Q4","Ireland","Value at the end of the period","1.0000000"
"2006Q1","Ireland","Value at the end of the period","1.0000000"
"2006Q2","Ireland","Value at the end of the period","1.0000000"
"2006Q3","Ireland","Value at the end of the period","1.0000000"
"2006Q4","Ireland","Value at the end of the period","1.0000000"
"2007Q1","Ireland","Value at the end of the period","1.0000000"
"2007Q2","Ireland","Value at the end of the period","1.0000000"
"2007Q3","Ireland","Value at the end of the period","1.0000000"
"2007Q4","Ireland","Value at the end of the period","1.0000000"
"2008Q1","Ireland","Value at the end of the period","1.0000000"
"2008Q2","Ireland","Value at the end of the period","1.0000000"
"2008Q3","Ireland","Value at the end of the period","1.0000000"
"2008Q4","Ireland","Value at the end of the period","1.0000000"
"2009Q1","Ireland","Value at the end of the period","1.0000000"
"2009Q2","Ireland","Value at the end of the period","1.0000000"
"2009Q3","Ireland","Value at the end of the period","1.0000000"
"2009Q4","Ireland","Value at the end of the period","1.0000000"
"2010Q1","Ireland","Value at the end of the period","1.0000000"
"2010Q2","Ireland","Value at the end of the period","1.0000000"
"2010Q3","Ireland","Value at the end of the period","1.0000000"
"2010Q4","Ireland","Value at the end of the period","1.0000000"
"2011Q1","Ireland","Value at the end of the period","1.0000000"
"2011Q2","Ireland","Value at the end of the period","1.0000000"
"2011Q3","Ireland","Value at the end of the period","1.0000000"
"2011Q4","Ireland","Value at the end of the period","1.0000000"
"2012Q1","Ireland","Value at the end of the period","1.0000000"
"2012Q2","Ireland","Value at the end of the period","1.0000000"
"2012Q3","Ireland","Value at the end of the period","1.0000000"
"2012Q4","Ireland","Value at the end of the period","1.0000000"
"2013Q1","Ireland","Value at the end of the period","1.0000000"
"2013Q2","Ireland","Value at the end of the period","1.0000000"
"2013Q3","Ireland","Value at the end of the period","1.0000000"
"2013Q4","Ireland","Value at the end of the period","1.0000000"
"2014Q1","Ireland","Value at the end of the period","1.0000000"
"2014Q2","Ireland","Value at the end of the period","1.0000000"
"1995Q1","Greece","Value at the end of the period","0.88839090"
"1995Q2","Greece","Value at the end of the period","0.88786818"
"1995Q3","Greece","Value at the end of the period","0.89737086"
"1995Q4","Greece","Value at the end of the period","0.91435657"
"1996Q1","Greece","Value at the end of the period","0.90735437"
"1996Q2","Greece","Value at the end of the period","0.88893910"
"1996Q3","Greece","Value at the end of the period","0.88913866"
"1996Q4","Greece","Value at the end of the period","0.90829640"
"1997Q1","Greece","Value at the end of the period","0.90589582"
"1997Q2","Greece","Value at the end of the period","0.91158034"
"1997Q3","Greece","Value at the end of the period","0.91189435"
"1997Q4","Greece","Value at the end of the period","0.91574175"
"1998Q1","Greece","Value at the end of the period","1.0093822"
"1998Q2","Greece","Value at the end of the period","0.97873221"
"1998Q3","Greece","Value at the end of the period","0.99228173"
"1998Q4","Greece","Value at the end of the period","0.96753925"
"1999Q1","Greece","Value at the end of the period","0.95641966"
"1999Q2","Greece","Value at the end of the period","0.95216434"
"1999Q3","Greece","Value at the end of the period","0.96463683"
"1999Q4","Greece","Value at the end of the period","0.96933236"
"2000Q1","Greece","Value at the end of the period","0.98224505"
"2000Q2","Greece","Value at the end of the period","0.98849596"
"2000Q3","Greece","Value at the end of the period","0.99574468"
"2000Q4","Greece","Value at the end of the period","1.0000000"
"2001Q1","Greece","Value at the end of the period","1.0000000"
"2001Q2","Greece","Value at the end of the period","1.0000000"
"2001Q3","Greece","Value at the end of the period","1.0000000"
"2001Q4","Greece","Value at the end of the period","1.0000000"
"2002Q1","Greece","Value at the end of the period","1.0000000"
"2002Q2","Greece","Value at the end of the period","1.0000000"
"2002Q3","Greece","Value at the end of the period","1.0000000"
"2002Q4","Greece","Value at the end of the period","1.0000000"
"2003Q1","Greece","Value at the end of the period","1.0000000"
"2003Q2","Greece","Value at the end of the period","1.0000000"
"2003Q3","Greece","Value at the end of the period","1.0000000"
"2003Q4","Greece","Value at the end of the period","1.0000000"
"2004Q1","Greece","Value at the end of the period","1.0000000"
"2004Q2","Greece","Value at the end of the period","1.0000000"
"2004Q3","Greece","Value at the end of the period","1.0000000"
"2004Q4","Greece","Value at the end of the period","1.0000000"
"2005Q1","Greece","Value at the end of the period","1.0000000"
"2005Q2","Greece","Value at the end of the period","1.0000000"
"2005Q3","Greece","Value at the end of the period","1.0000000"
"2005Q4","Greece","Value at the end of the period","1.0000000"
"2006Q1","Greece","Value at the end of the period","1.0000000"
"2006Q2","Greece","Value at the end of the period","1.0000000"
"2006Q3","Greece","Value at the end of the period","1.0000000"
"2006Q4","Greece","Value at the end of the period","1.0000000"
"2007Q1","Greece","Value at the end of the period","1.0000000"
"2007Q2","Greece","Value at the end of the period","1.0000000"
"2007Q3","Greece","Value at the end of the period","1.0000000"
"2007Q4","Greece","Value at the end of the period","1.0000000"
"2008Q1","Greece","Value at the end of the period","1.0000000"
"2008Q2","Greece","Value at the end of the period","1.0000000"
"2008Q3","Greece","Value at the end of the period","1.0000000"
"2008Q4","Greece","Value at the end of the period","1.0000000"
"2009Q1","Greece","Value at the end of the period","1.0000000"
"2009Q2","Greece","Value at the end of the period","1.0000000"
"2009Q3","Greece","Value at the end of the period","1.0000000"
"2009Q4","Greece","Value at the end of the period","1.0000000"
"2010Q1","Greece","Value at the end of the period","1.0000000"
"2010Q2","Greece","Value at the end of the period","1.0000000"
"2010Q3","Greece","Value at the end of the period","1.0000000"
"2010Q4","Greece","Value at the end of the period","1.0000000"
"2011Q1","Greece","Value at the end of the period","1.0000000"
"2011Q2","Greece","Value at the end of the period","1.0000000"
"2011Q3","Greece","Value at the end of the period","1.0000000"
"2011Q4","Greece","Value at the end of the period","1.0000000"
"2012Q1","Greece","Value at the end of the period","1.0000000"
"2012Q2","Greece","Value at the end of the period","1.0000000"
"2012Q3","Greece","Value at the end of the period","1.0000000"
"2012Q4","Greece","Value at the end of the period","1.0000000"
"2013Q1","Greece","Value at the end of the period","1.0000000"
"2013Q2","Greece","Value at the end of the period","1.0000000"
"2013Q3","Greece","Value at the end of the period","1.0000000"
"2013Q4","Greece","Value at the end of the period","1.0000000"
"2014Q1","Greece","Value at the end of the period","1.0000000"
"2014Q2","Greece","Value at the end of the period","1.0000000"
"1995Q1","Spain","Value at the end of the period","1.0235567"
"1995Q2","Spain","Value at the end of the period","0.97913267"
"1995Q3","Spain","Value at the end of the period","0.97760274"
"1995Q4","Spain","Value at the end of the period","0.95890880"
"1996Q1","Spain","Value at the end of the period","0.95699758"
"1996Q2","Spain","Value at the end of the period","0.96918611"
"1996Q3","Spain","Value at the end of the period","0.97031000"
"1996Q4","Spain","Value at the end of the period","0.98666354"
"1997Q1","Spain","Value at the end of the period","0.99530610"
"1997Q2","Spain","Value at the end of the period","1.0006010"
"1997Q3","Spain","Value at the end of the period","0.99804070"
"1997Q4","Spain","Value at the end of the period","1.0060221"
"1998Q1","Spain","Value at the end of the period","1.0134026"
"1998Q2","Spain","Value at the end of the period","1.0091113"
"1998Q3","Spain","Value at the end of the period","1.0020555"
"1998Q4","Spain","Value at the end of the period","1.0000000"
"1999Q1","Spain","Value at the end of the period","1.0000000"
"1999Q2","Spain","Value at the end of the period","1.0000000"
"1999Q3","Spain","Value at the end of the period","1.0000000"
"1999Q4","Spain","Value at the end of the period","1.0000000"
"2000Q1","Spain","Value at the end of the period","1.0000000"
"2000Q2","Spain","Value at the end of the period","1.0000000"
"2000Q3","Spain","Value at the end of the period","1.0000000"
"2000Q4","Spain","Value at the end of the period","1.0000000"
"2001Q1","Spain","Value at the end of the period","1.0000000"
"2001Q2","Spain","Value at the end of the period","1.0000000"
"2001Q3","Spain","Value at the end of the period","1.0000000"
"2001Q4","Spain","Value at the end of the period","1.0000000"
"2002Q1","Spain","Value at the end of the period","1.0000000"
"2002Q2","Spain","Value at the end of the period","1.0000000"
"2002Q3","Spain","Value at the end of the period","1.0000000"
"2002Q4","Spain","Value at the end of the period","1.0000000"
"2003Q1","Spain","Value at the end of the period","1.0000000"
"2003Q2","Spain","Value at the end of the period","1.0000000"
"2003Q3","Spain","Value at the end of the period","1.0000000"
"2003Q4","Spain","Value at the end of the period","1.0000000"
"2004Q1","Spain","Value at the end of the period","1.0000000"
"2004Q2","Spain","Value at the end of the period","1.0000000"
"2004Q3","Spain","Value at the end of the period","1.0000000"
"2004Q4","Spain","Value at the end of the period","1.0000000"
"2005Q1","Spain","Value at the end of the period","1.0000000"
"2005Q2","Spain","Value at the end of the period","1.0000000"
"2005Q3","Spain","Value at the end of the period","1.0000000"
"2005Q4","Spain","Value at the end of the period","1.0000000"
"2006Q1","Spain","Value at the end of the period","1.0000000"
"2006Q2","Spain","Value at the end of the period","1.0000000"
"2006Q3","Spain","Value at the end of the period","1.0000000"
"2006Q4","Spain","Value at the end of the period","1.0000000"
"2007Q1","Spain","Value at the end of the period","1.0000000"
"2007Q2","Spain","Value at the end of the period","1.0000000"
"2007Q3","Spain","Value at the end of the period","1.0000000"
"2007Q4","Spain","Value at the end of the period","1.0000000"
"2008Q1","Spain","Value at the end of the period","1.0000000"
"2008Q2","Spain","Value at the end of the period","1.0000000"
"2008Q3","Spain","Value at the end of the period","1.0000000"
"2008Q4","Spain","Value at the end of the period","1.0000000"
"2009Q1","Spain","Value at the end of the period","1.0000000"
"2009Q2","Spain","Value at the end of the period","1.0000000"
"2009Q3","Spain","Value at the end of the period","1.0000000"
"2009Q4","Spain","Value at the end of the period","1.0000000"
"2010Q1","Spain","Value at the end of the period","1.0000000"
"2010Q2","Spain","Value at the end of the period","1.0000000"
"2010Q3","Spain","Value at the end of the period","1.0000000"
"2010Q4","Spain","Value at the end of the period","1.0000000"
"2011Q1","Spain","Value at the end of the period","1.0000000"
"2011Q2","Spain","Value at the end of the period","1.0000000"
"2011Q3","Spain","Value at the end of the period","1.0000000"
"2011Q4","Spain","Value at the end of the period","1.0000000"
"2012Q1","Spain","Value at the end of the period","1.0000000"
"2012Q2","Spain","Value at the end of the period","1.0000000"
"2012Q3","Spain","Value at the end of the period","1.0000000"
"2012Q4","Spain","Value at the end of the period","1.0000000"
"2013Q1","Spain","Value at the end of the period","1.0000000"
"2013Q2","Spain","Value at the end of the period","1.0000000"
"2013Q3","Spain","Value at the end of the period","1.0000000"
"2013Q4","Spain","Value at the end of the period","1.0000000"
"2014Q1","Spain","Value at the end of the period","1.0000000"
"2014Q2","Spain","Value at the end of the period","1.0000000"
"1995Q1","France","Value at the end of the period","0.99012298"
"1995Q2","France","Value at the end of the period","0.99356582"
"1995Q3","France","Value at the end of the period","0.98781040"
"1995Q4","France","Value at the end of the period","0.98173966"
"1996Q1","France","Value at the end of the period","0.98450203"
"1996Q2","France","Value at the end of the period","0.98751138"
"1996Q3","France","Value at the end of the period","0.99014265"
"1996Q4","France","Value at the end of the period","1.0003598"
"1997Q1","France","Value at the end of the period","1.0025017"
"1997Q2","France","Value at the end of the period","1.0125557"
"1997Q3","France","Value at the end of the period","1.0067032"
"1997Q4","France","Value at the end of the period","1.0080142"
"1998Q1","France","Value at the end of the period","1.0146427"
"1998Q2","France","Value at the end of the period","1.0108300"
"1998Q3","France","Value at the end of the period","1.0031298"
"1998Q4","France","Value at the end of the period","1.0000000"
"1999Q1","France","Value at the end of the period","1.0000000"
"1999Q2","France","Value at the end of the period","1.0000000"
"1999Q3","France","Value at the end of the period","1.0000000"
"1999Q4","France","Value at the end of the period","1.0000000"
"2000Q1","France","Value at the end of the period","1.0000000"
"2000Q2","France","Value at the end of the period","1.0000000"
"2000Q3","France","Value at the end of the period","1.0000000"
"2000Q4","France","Value at the end of the period","1.0000000"
"2001Q1","France","Value at the end of the period","1.0000000"
"2001Q2","France","Value at the end of the period","1.0000000"
"2001Q3","France","Value at the end of the period","1.0000000"
"2001Q4","France","Value at the end of the period","1.0000000"
"2002Q1","France","Value at the end of the period","1.0000000"
"2002Q2","France","Value at the end of the period","1.0000000"
"2002Q3","France","Value at the end of the period","1.0000000"
"2002Q4","France","Value at the end of the period","1.0000000"
"2003Q1","France","Value at the end of the period","1.0000000"
"2003Q2","France","Value at the end of the period","1.0000000"
"2003Q3","France","Value at the end of the period","1.0000000"
"2003Q4","France","Value at the end of the period","1.0000000"
"2004Q1","France","Value at the end of the period","1.0000000"
"2004Q2","France","Value at the end of the period","1.0000000"
"2004Q3","France","Value at the end of the period","1.0000000"
"2004Q4","France","Value at the end of the period","1.0000000"
"2005Q1","France","Value at the end of the period","1.0000000"
"2005Q2","France","Value at the end of the period","1.0000000"
"2005Q3","France","Value at the end of the period","1.0000000"
"2005Q4","France","Value at the end of the period","1.0000000"
"2006Q1","France","Value at the end of the period","1.0000000"
"2006Q2","France","Value at the end of the period","1.0000000"
"2006Q3","France","Value at the end of the period","1.0000000"
"2006Q4","France","Value at the end of the period","1.0000000"
"2007Q1","France","Value at the end of the period","1.0000000"
"2007Q2","France","Value at the end of the period","1.0000000"
"2007Q3","France","Value at the end of the period","1.0000000"
"2007Q4","France","Value at the end of the period","1.0000000"
"2008Q1","France","Value at the end of the period","1.0000000"
"2008Q2","France","Value at the end of the period","1.0000000"
"2008Q3","France","Value at the end of the period","1.0000000"
"2008Q4","France","Value at the end of the period","1.0000000"
"2009Q1","France","Value at the end of the period","1.0000000"
"2009Q2","France","Value at the end of the period","1.0000000"
"2009Q3","France","Value at the end of the period","1.0000000"
"2009Q4","France","Value at the end of the period","1.0000000"
"2010Q1","France","Value at the end of the period","1.0000000"
"2010Q2","France","Value at the end of the period","1.0000000"
"2010Q3","France","Value at the end of the period","1.0000000"
"2010Q4","France","Value at the end of the period","1.0000000"
"2011Q1","France","Value at the end of the period","1.0000000"
"2011Q2","France","Value at the end of the period","1.0000000"
"2011Q3","France","Value at the end of the period","1.0000000"
"2011Q4","France","Value at the end of the period","1.0000000"
"2012Q1","France","Value at the end of the period","1.0000000"
"2012Q2","France","Value at the end of the period","1.0000000"
"2012Q3","France","Value at the end of the period","1.0000000"
"2012Q4","France","Value at the end of the period","1.0000000"
"2013Q1","France","Value at the end of the period","1.0000000"
"2013Q2","France","Value at the end of the period","1.0000000"
"2013Q3","France","Value at the end of the period","1.0000000"
"2013Q4","France","Value at the end of the period","1.0000000"
"2014Q1","France","Value at the end of the period","1.0000000"
"2014Q2","France","Value at the end of the period","1.0000000"
"1995Q1","Italy","Value at the end of the period","1.1832306"
"1995Q2","Italy","Value at the end of the period","1.1372750"
"1995Q3","Italy","Value at the end of the period","1.0974376"
"1995Q4","Italy","Value at the end of the period","1.0756299"
"1996Q1","Italy","Value at the end of the period","1.0399583"
"1996Q2","Italy","Value at the end of the period","0.99629184"
"1996Q3","Italy","Value at the end of the period","0.99000656"
"1996Q4","Italy","Value at the end of the period","0.98835390"
"1997Q1","Italy","Value at the end of the period","1.0062336"
"1997Q2","Italy","Value at the end of the period","0.99332738"
"1997Q3","Italy","Value at the end of the period","0.99236160"
"1997Q4","Italy","Value at the end of the period","1.0029748"
"1998Q1","Italy","Value at the end of the period","1.0112433"
"1998Q2","Italy","Value at the end of the period","1.0064609"
"1998Q3","Italy","Value at the end of the period","1.0017921"
"1998Q4","Italy","Value at the end of the period","1.0000000"
"1999Q1","Italy","Value at the end of the period","1.0000000"
"1999Q2","Italy","Value at the end of the period","1.0000000"
"1999Q3","Italy","Value at the end of the period","1.0000000"
"1999Q4","Italy","Value at the end of the period","1.0000000"
"2000Q1","Italy","Value at the end of the period","1.0000000"
"2000Q2","Italy","Value at the end of the period","1.0000000"
"2000Q3","Italy","Value at the end of the period","1.0000000"
"2000Q4","Italy","Value at the end of the period","1.0000000"
"2001Q1","Italy","Value at the end of the period","1.0000000"
"2001Q2","Italy","Value at the end of the period","1.0000000"
"2001Q3","Italy","Value at the end of the period","1.0000000"
"2001Q4","Italy","Value at the end of the period","1.0000000"
"2002Q1","Italy","Value at the end of the period","1.0000000"
"2002Q2","Italy","Value at the end of the period","1.0000000"
"2002Q3","Italy","Value at the end of the period","1.0000000"
"2002Q4","Italy","Value at the end of the period","1.0000000"
"2003Q1","Italy","Value at the end of the period","1.0000000"
"2003Q2","Italy","Value at the end of the period","1.0000000"
"2003Q3","Italy","Value at the end of the period","1.0000000"
"2003Q4","Italy","Value at the end of the period","1.0000000"
"2004Q1","Italy","Value at the end of the period","1.0000000"
"2004Q2","Italy","Value at the end of the period","1.0000000"
"2004Q3","Italy","Value at the end of the period","1.0000000"
"2004Q4","Italy","Value at the end of the period","1.0000000"
"2005Q1","Italy","Value at the end of the period","1.0000000"
"2005Q2","Italy","Value at the end of the period","1.0000000"
"2005Q3","Italy","Value at the end of the period","1.0000000"
"2005Q4","Italy","Value at the end of the period","1.0000000"
"2006Q1","Italy","Value at the end of the period","1.0000000"
"2006Q2","Italy","Value at the end of the period","1.0000000"
"2006Q3","Italy","Value at the end of the period","1.0000000"
"2006Q4","Italy","Value at the end of the period","1.0000000"
"2007Q1","Italy","Value at the end of the period","1.0000000"
"2007Q2","Italy","Value at the end of the period","1.0000000"
"2007Q3","Italy","Value at the end of the period","1.0000000"
"2007Q4","Italy","Value at the end of the period","1.0000000"
"2008Q1","Italy","Value at the end of the period","1.0000000"
"2008Q2","Italy","Value at the end of the period","1.0000000"
"2008Q3","Italy","Value at the end of the period","1.0000000"
"2008Q4","Italy","Value at the end of the period","1.0000000"
"2009Q1","Italy","Value at the end of the period","1.0000000"
"2009Q2","Italy","Value at the end of the period","1.0000000"
"2009Q3","Italy","Value at the end of the period","1.0000000"
"2009Q4","Italy","Value at the end of the period","1.0000000"
"2010Q1","Italy","Value at the end of the period","1.0000000"
"2010Q2","Italy","Value at the end of the period","1.0000000"
"2010Q3","Italy","Value at the end of the period","1.0000000"
"2010Q4","Italy","Value at the end of the period","1.0000000"
"2011Q1","Italy","Value at the end of the period","1.0000000"
"2011Q2","Italy","Value at the end of the period","1.0000000"
"2011Q3","Italy","Value at the end of the period","1.0000000"
"2011Q4","Italy","Value at the end of the period","1.0000000"
"2012Q1","Italy","Value at the end of the period","1.0000000"
"2012Q2","Italy","Value at the end of the period","1.0000000"
"2012Q3","Italy","Value at the end of the period","1.0000000"
"2012Q4","Italy","Value at the end of the period","1.0000000"
"2013Q1","Italy","Value at the end of the period","1.0000000"
"2013Q2","Italy","Value at the end of the period","1.0000000"
"2013Q3","Italy","Value at the end of the period","1.0000000"
"2013Q4","Italy","Value at the end of the period","1.0000000"
"2014Q1","Italy","Value at the end of the period","1.0000000"
"2014Q2","Italy","Value at the end of the period","1.0000000"
"1995Q1","Cyprus","Value at the end of the period","1.0144565"
"1995Q2","Cyprus","Value at the end of the period","1.0105147"
"1995Q3","Cyprus","Value at the end of the period","1.0109658"
"1995Q4","Cyprus","Value at the end of the period","1.0235274"
"1996Q1","Cyprus","Value at the end of the period","1.0200402"
"1996Q2","Cyprus","Value at the end of the period","1.0062432"
"1996Q3","Cyprus","Value at the end of the period","1.0030567"
"1996Q4","Cyprus","Value at the end of the period","1.0063304"
"1997Q1","Cyprus","Value at the end of the period","0.99835803"
"1997Q2","Cyprus","Value at the end of the period","0.99682884"
"1997Q3","Cyprus","Value at the end of the period","0.99501601"
"1997Q4","Cyprus","Value at the end of the period","0.99151679"
"1998Q1","Cyprus","Value at the end of the period","0.98980478"
"1998Q2","Cyprus","Value at the end of the period","0.99097517"
"1998Q3","Cyprus","Value at the end of the period","0.99195932"
"1998Q4","Cyprus","Value at the end of the period","0.99402331"
"1999Q1","Cyprus","Value at the end of the period","0.98939984"
"1999Q2","Cyprus","Value at the end of the period","0.98705905"
"1999Q3","Cyprus","Value at the end of the period","0.98910937"
"1999Q4","Cyprus","Value at the end of the period","0.98529919"
"2000Q1","Cyprus","Value at the end of the period","0.98206994"
"2000Q2","Cyprus","Value at the end of the period","0.98224080"
"2000Q3","Cyprus","Value at the end of the period","0.97802055"
"2000Q4","Cyprus","Value at the end of the period","0.98020756"
"2001Q1","Cyprus","Value at the end of the period","0.98905812"
"2001Q2","Cyprus","Value at the end of the period","0.98121564"
"2001Q3","Cyprus","Value at the end of the period","0.98133524"
"2001Q4","Cyprus","Value at the end of the period","0.98251417"
"2002Q1","Cyprus","Value at the end of the period","0.98341973"
"2002Q2","Cyprus","Value at the end of the period","0.99054460"
"2002Q3","Cyprus","Value at the end of the period","0.97959246"
"2002Q4","Cyprus","Value at the end of the period","0.97930200"
"2003Q1","Cyprus","Value at the end of the period","0.99789159"
"2003Q2","Cyprus","Value at the end of the period","1.0018726"
"2003Q3","Cyprus","Value at the end of the period","0.99859211"
"2003Q4","Cyprus","Value at the end of the period","1.0018726"
"2004Q1","Cyprus","Value at the end of the period","1.0015822"
"2004Q2","Cyprus","Value at the end of the period","0.99355174"
"2004Q3","Cyprus","Value at the end of the period","0.98347099"
"2004Q4","Cyprus","Value at the end of the period","0.99098884"
"2005Q1","Cyprus","Value at the end of the period","0.99884840"
"2005Q2","Cyprus","Value at the end of the period","0.97988293"
"2005Q3","Cyprus","Value at the end of the period","0.97937035"
"2005Q4","Cyprus","Value at the end of the period","0.97988293"
"2006Q1","Cyprus","Value at the end of the period","0.98415443"
"2006Q2","Cyprus","Value at the end of the period","0.98244583"
"2006Q3","Cyprus","Value at the end of the period","0.98535045"
"2006Q4","Cyprus","Value at the end of the period","0.98791335"
"2007Q1","Cyprus","Value at the end of the period","0.99218486"
"2007Q2","Cyprus","Value at the end of the period","0.99731066"
"2007Q3","Cyprus","Value at the end of the period","0.99816496"
"2007Q4","Cyprus","Value at the end of the period","0.99999317"
"2008Q1","Cyprus","Value at the end of the period","1.0000000"
"2008Q2","Cyprus","Value at the end of the period","1.0000000"
"2008Q3","Cyprus","Value at the end of the period","1.0000000"
"2008Q4","Cyprus","Value at the end of the period","1.0000000"
"2009Q1","Cyprus","Value at the end of the period","1.0000000"
"2009Q2","Cyprus","Value at the end of the period","1.0000000"
"2009Q3","Cyprus","Value at the end of the period","1.0000000"
"2009Q4","Cyprus","Value at the end of the period","1.0000000"
"2010Q1","Cyprus","Value at the end of the period","1.0000000"
"2010Q2","Cyprus","Value at the end of the period","1.0000000"
"2010Q3","Cyprus","Value at the end of the period","1.0000000"
"2010Q4","Cyprus","Value at the end of the period","1.0000000"
"2011Q1","Cyprus","Value at the end of the period","1.0000000"
"2011Q2","Cyprus","Value at the end of the period","1.0000000"
"2011Q3","Cyprus","Value at the end of the period","1.0000000"
"2011Q4","Cyprus","Value at the end of the period","1.0000000"
"2012Q1","Cyprus","Value at the end of the period","1.0000000"
"2012Q2","Cyprus","Value at the end of the period","1.0000000"
"2012Q3","Cyprus","Value at the end of the period","1.0000000"
"2012Q4","Cyprus","Value at the end of the period","1.0000000"
"2013Q1","Cyprus","Value at the end of the period","1.0000000"
"2013Q2","Cyprus","Value at the end of the period","1.0000000"
"2013Q3","Cyprus","Value at the end of the period","1.0000000"
"2013Q4","Cyprus","Value at the end of the period","1.0000000"
"2014Q1","Cyprus","Value at the end of the period","1.0000000"
"2014Q2","Cyprus","Value at the end of the period","1.0000000"
"1995Q1","Latvia","Value at the end of the period","0.99102054"
"1995Q2","Latvia","Value at the end of the period","0.97453856"
"1995Q3","Latvia","Value at the end of the period","0.99428731"
"1995Q4","Latvia","Value at the end of the period","1.0097973"
"1996Q1","Latvia","Value at the end of the period","1.0044408"
"1996Q2","Latvia","Value at the end of the period","0.98385112"
"1996Q3","Latvia","Value at the end of the period","1.0007114"
"1996Q4","Latvia","Value at the end of the period","0.99839272"
"1997Q1","Latvia","Value at the end of the period","0.95873586"
"1997Q2","Latvia","Value at the end of the period","0.91648795"
"1997Q3","Latvia","Value at the end of the period","0.93435723"
"1997Q4","Latvia","Value at the end of the period","0.92697808"
"1998Q1","Latvia","Value at the end of the period","0.91875971"
"1998Q2","Latvia","Value at the end of the period","0.93559513"
"1998Q3","Latvia","Value at the end of the period","0.96687298"
"1998Q4","Latvia","Value at the end of the period","0.94627734"
"1999Q1","Latvia","Value at the end of the period","0.90146044"
"1999Q2","Latvia","Value at the end of the period","0.88388797"
"1999Q3","Latvia","Value at the end of the period","0.87890792"
"1999Q4","Latvia","Value at the end of the period","0.83671977"
"2000Q1","Latvia","Value at the end of the period","0.80406486"
"2000Q2","Latvia","Value at the end of the period","0.81046778"
"2000Q3","Latvia","Value at the end of the period","0.76820849"
"2000Q4","Latvia","Value at the end of the period","0.82014331"
"2001Q1","Latvia","Value at the end of the period","0.79510077"
"2001Q2","Latvia","Value at the end of the period","0.76707019"
"2001Q3","Latvia","Value at the end of the period","0.80449172"
"2001Q4","Latvia","Value at the end of the period","0.79154359"
"2002Q1","Latvia","Value at the end of the period","0.78940928"
"2002Q2","Latvia","Value at the end of the period","0.85215793"
"2002Q3","Latvia","Value at the end of the period","0.84532814"
"2002Q4","Latvia","Value at the end of the period","0.87364329"
"2003Q1","Latvia","Value at the end of the period","0.89527094"
"2003Q2","Latvia","Value at the end of the period","0.92330152"
"2003Q3","Latvia","Value at the end of the period","0.92230551"
"2003Q4","Latvia","Value at the end of the period","0.95688129"
"2004Q1","Latvia","Value at the end of the period","0.93055816"
"2004Q2","Latvia","Value at the end of the period","0.93482678"
"2004Q3","Latvia","Value at the end of the period","0.95005151"
"2004Q4","Latvia","Value at the end of the period","0.99302224"
"2005Q1","Latvia","Value at the end of the period","0.99031878"
"2005Q2","Latvia","Value at the end of the period","0.99046107"
"2005Q3","Latvia","Value at the end of the period","0.99031878"
"2005Q4","Latvia","Value at the end of the period","0.99060335"
"2006Q1","Latvia","Value at the end of the period","0.99046107"
"2006Q2","Latvia","Value at the end of the period","0.99046107"
"2006Q3","Latvia","Value at the end of the period","0.99031878"
"2006Q4","Latvia","Value at the end of the period","0.99202623"
"2007Q1","Latvia","Value at the end of the period","1.0098121"
"2007Q2","Latvia","Value at the end of the period","0.99074564"
"2007Q3","Latvia","Value at the end of the period","1.0014172"
"2007Q4","Latvia","Value at the end of the period","0.99088793"
"2008Q1","Latvia","Value at the end of the period","0.99344910"
"2008Q2","Latvia","Value at the end of the period","1.0026978"
"2008Q3","Latvia","Value at the end of the period","1.0082470"
"2008Q4","Latvia","Value at the end of the period","1.0078201"
"2009Q1","Latvia","Value at the end of the period","1.0096698"
"2009Q2","Latvia","Value at the end of the period","1.0011326"
"2009Q3","Latvia","Value at the end of the period","1.0072510"
"2009Q4","Latvia","Value at the end of the period","1.0092430"
"2010Q1","Latvia","Value at the end of the period","1.0081047"
"2010Q2","Latvia","Value at the end of the period","1.0092430"
"2010Q3","Latvia","Value at the end of the period","1.0093853"
"2010Q4","Latvia","Value at the end of the period","1.0093853"
"2011Q1","Latvia","Value at the end of the period","1.0095275"
"2011Q2","Latvia","Value at the end of the period","1.0092430"
"2011Q3","Latvia","Value at the end of the period","1.0092430"
"2011Q4","Latvia","Value at the end of the period","0.99529883"
"2012Q1","Latvia","Value at the end of the period","0.99643713"
"2012Q2","Latvia","Value at the end of the period","0.99131479"
"2012Q3","Latvia","Value at the end of the period","0.99060335"
"2012Q4","Latvia","Value at the end of the period","0.99273766"
"2013Q1","Latvia","Value at the end of the period","0.99842915"
"2013Q2","Latvia","Value at the end of the period","0.99942516"
"2013Q3","Latvia","Value at the end of the period","0.99985202"
"2013Q4","Latvia","Value at the end of the period","0.99999431"
"2014Q1","Latvia","Value at the end of the period","1.0000000"
"2014Q2","Latvia","Value at the end of the period","1.0000000"
"1995Q1","Luxembourg","Value at the end of the period","0.94387864"
"1995Q2","Luxembourg","Value at the end of the period","0.94837750"
"1995Q3","Luxembourg","Value at the end of the period","0.95682323"
"1995Q4","Luxembourg","Value at the end of the period","0.95929588"
"1996Q1","Luxembourg","Value at the end of the period","0.96485118"
"1996Q2","Luxembourg","Value at the end of the period","0.97693847"
"1996Q3","Luxembourg","Value at the end of the period","0.97929097"
"1996Q4","Luxembourg","Value at the end of the period","0.99410509"
"1997Q1","Luxembourg","Value at the end of the period","0.99844571"
"1997Q2","Luxembourg","Value at the end of the period","1.0077516"
"1997Q3","Luxembourg","Value at the end of the period","1.0058131"
"1997Q4","Luxembourg","Value at the end of the period","1.0105999"
"1998Q1","Luxembourg","Value at the end of the period","1.0157561"
"1998Q2","Luxembourg","Value at the end of the period","1.0112742"
"1998Q3","Luxembourg","Value at the end of the period","1.0035771"
"1998Q4","Luxembourg","Value at the end of the period","1.0000000"
"1999Q1","Luxembourg","Value at the end of the period","1.0000000"
"1999Q2","Luxembourg","Value at the end of the period","1.0000000"
"1999Q3","Luxembourg","Value at the end of the period","1.0000000"
"1999Q4","Luxembourg","Value at the end of the period","1.0000000"
"2000Q1","Luxembourg","Value at the end of the period","1.0000000"
"2000Q2","Luxembourg","Value at the end of the period","1.0000000"
"2000Q3","Luxembourg","Value at the end of the period","1.0000000"
"2000Q4","Luxembourg","Value at the end of the period","1.0000000"
"2001Q1","Luxembourg","Value at the end of the period","1.0000000"
"2001Q2","Luxembourg","Value at the end of the period","1.0000000"
"2001Q3","Luxembourg","Value at the end of the period","1.0000000"
"2001Q4","Luxembourg","Value at the end of the period","1.0000000"
"2002Q1","Luxembourg","Value at the end of the period","1.0000000"
"2002Q2","Luxembourg","Value at the end of the period","1.0000000"
"2002Q3","Luxembourg","Value at the end of the period","1.0000000"
"2002Q4","Luxembourg","Value at the end of the period","1.0000000"
"2003Q1","Luxembourg","Value at the end of the period","1.0000000"
"2003Q2","Luxembourg","Value at the end of the period","1.0000000"
"2003Q3","Luxembourg","Value at the end of the period","1.0000000"
"2003Q4","Luxembourg","Value at the end of the period","1.0000000"
"2004Q1","Luxembourg","Value at the end of the period","1.0000000"
"2004Q2","Luxembourg","Value at the end of the period","1.0000000"
"2004Q3","Luxembourg","Value at the end of the period","1.0000000"
"2004Q4","Luxembourg","Value at the end of the period","1.0000000"
"2005Q1","Luxembourg","Value at the end of the period","1.0000000"
"2005Q2","Luxembourg","Value at the end of the period","1.0000000"
"2005Q3","Luxembourg","Value at the end of the period","1.0000000"
"2005Q4","Luxembourg","Value at the end of the period","1.0000000"
"2006Q1","Luxembourg","Value at the end of the period","1.0000000"
"2006Q2","Luxembourg","Value at the end of the period","1.0000000"
"2006Q3","Luxembourg","Value at the end of the period","1.0000000"
"2006Q4","Luxembourg","Value at the end of the period","1.0000000"
"2007Q1","Luxembourg","Value at the end of the period","1.0000000"
"2007Q2","Luxembourg","Value at the end of the period","1.0000000"
"2007Q3","Luxembourg","Value at the end of the period","1.0000000"
"2007Q4","Luxembourg","Value at the end of the period","1.0000000"
"2008Q1","Luxembourg","Value at the end of the period","1.0000000"
"2008Q2","Luxembourg","Value at the end of the period","1.0000000"
"2008Q3","Luxembourg","Value at the end of the period","1.0000000"
"2008Q4","Luxembourg","Value at the end of the period","1.0000000"
"2009Q1","Luxembourg","Value at the end of the period","1.0000000"
"2009Q2","Luxembourg","Value at the end of the period","1.0000000"
"2009Q3","Luxembourg","Value at the end of the period","1.0000000"
"2009Q4","Luxembourg","Value at the end of the period","1.0000000"
"2010Q1","Luxembourg","Value at the end of the period","1.0000000"
"2010Q2","Luxembourg","Value at the end of the period","1.0000000"
"2010Q3","Luxembourg","Value at the end of the period","1.0000000"
"2010Q4","Luxembourg","Value at the end of the period","1.0000000"
"2011Q1","Luxembourg","Value at the end of the period","1.0000000"
"2011Q2","Luxembourg","Value at the end of the period","1.0000000"
"2011Q3","Luxembourg","Value at the end of the period","1.0000000"
"2011Q4","Luxembourg","Value at the end of the period","1.0000000"
"2012Q1","Luxembourg","Value at the end of the period","1.0000000"
"2012Q2","Luxembourg","Value at the end of the period","1.0000000"
"2012Q3","Luxembourg","Value at the end of the period","1.0000000"
"2012Q4","Luxembourg","Value at the end of the period","1.0000000"
"2013Q1","Luxembourg","Value at the end of the period","1.0000000"
"2013Q2","Luxembourg","Value at the end of the period","1.0000000"
"2013Q3","Luxembourg","Value at the end of the period","1.0000000"
"2013Q4","Luxembourg","Value at the end of the period","1.0000000"
"2014Q1","Luxembourg","Value at the end of the period","1.0000000"
"2014Q2","Luxembourg","Value at the end of the period","1.0000000"
"1995Q1","Malta","Value at the end of the period","1.0940764"
"1995Q2","Malta","Value at the end of the period","1.0826625"
"1995Q3","Malta","Value at the end of the period","1.0775402"
"1995Q4","Malta","Value at the end of the period","1.0790077"
"1996Q1","Malta","Value at the end of the period","1.0726299"
"1996Q2","Malta","Value at the end of the period","1.0643117"
"1996Q3","Malta","Value at the end of the period","1.0623014"
"1996Q4","Malta","Value at the end of the period","1.0499278"
"1997Q1","Malta","Value at the end of the period","1.0288586"
"1997Q2","Malta","Value at the end of the period","1.0142744"
"1997Q3","Malta","Value at the end of the period","1.0147543"
"1997Q4","Malta","Value at the end of the period","1.0087165"
"1998Q1","Malta","Value at the end of the period","0.99339157"
"1998Q2","Malta","Value at the end of the period","1.0041905"
"1998Q3","Malta","Value at the end of the period","1.0265805"
"1998Q4","Malta","Value at the end of the period","1.0286513"
"1999Q1","Malta","Value at the end of the period","0.99883531"
"1999Q2","Malta","Value at the end of the period","0.99021663"
"1999Q3","Malta","Value at the end of the period","0.98881901"
"1999Q4","Malta","Value at the end of the period","0.96692290"
"2000Q1","Malta","Value at the end of the period","0.94619147"
"2000Q2","Malta","Value at the end of the period","0.95830422"
"2000Q3","Malta","Value at the end of the period","0.92546005"
"2000Q4","Malta","Value at the end of the period","0.94921966"
"2001Q1","Malta","Value at the end of the period","0.93454461"
"2001Q2","Malta","Value at the end of the period","0.91917074"
"2001Q3","Malta","Value at the end of the period","0.94386210"
"2001Q4","Malta","Value at the end of the period","0.93035174"
"2002Q1","Malta","Value at the end of the period","0.92941999"
"2002Q2","Malta","Value at the end of the period","0.97414396"
"2002Q3","Malta","Value at the end of the period","0.96226415"
"2002Q4","Malta","Value at the end of the period","0.97414396"
"2003Q1","Malta","Value at the end of the period","0.98881901"
"2003Q2","Malta","Value at the end of the period","0.99394363"
"2003Q3","Malta","Value at the end of the period","0.99720475"
"2003Q4","Malta","Value at the end of the period","1.0055905"
"2004Q1","Malta","Value at the end of the period","0.99184719"
"2004Q2","Malta","Value at the end of the period","0.99301188"
"2004Q3","Malta","Value at the end of the period","0.99906825"
"2004Q4","Malta","Value at the end of the period","1.0116469"
"2005Q1","Malta","Value at the end of the period","1.0030282"
"2005Q2","Malta","Value at the end of the period","1.0000000"
"2005Q3","Malta","Value at the end of the period","1.0000000"
"2005Q4","Malta","Value at the end of the period","1.0000000"
"2006Q1","Malta","Value at the end of the period","1.0000000"
"2006Q2","Malta","Value at the end of the period","1.0000000"
"2006Q3","Malta","Value at the end of the period","1.0000000"
"2006Q4","Malta","Value at the end of the period","1.0000000"
"2007Q1","Malta","Value at the end of the period","1.0000000"
"2007Q2","Malta","Value at the end of the period","1.0000000"
"2007Q3","Malta","Value at the end of the period","1.0000000"
"2007Q4","Malta","Value at the end of the period","1.0000000"
"2008Q1","Malta","Value at the end of the period","1.0000000"
"2008Q2","Malta","Value at the end of the period","1.0000000"
"2008Q3","Malta","Value at the end of the period","1.0000000"
"2008Q4","Malta","Value at the end of the period","1.0000000"
"2009Q1","Malta","Value at the end of the period","1.0000000"
"2009Q2","Malta","Value at the end of the period","1.0000000"
"2009Q3","Malta","Value at the end of the period","1.0000000"
"2009Q4","Malta","Value at the end of the period","1.0000000"
"2010Q1","Malta","Value at the end of the period","1.0000000"
"2010Q2","Malta","Value at the end of the period","1.0000000"
"2010Q3","Malta","Value at the end of the period","1.0000000"
"2010Q4","Malta","Value at the end of the period","1.0000000"
"2011Q1","Malta","Value at the end of the period","1.0000000"
"2011Q2","Malta","Value at the end of the period","1.0000000"
"2011Q3","Malta","Value at the end of the period","1.0000000"
"2011Q4","Malta","Value at the end of the period","1.0000000"
"2012Q1","Malta","Value at the end of the period","1.0000000"
"2012Q2","Malta","Value at the end of the period","1.0000000"
"2012Q3","Malta","Value at the end of the period","1.0000000"
"2012Q4","Malta","Value at the end of the period","1.0000000"
"2013Q1","Malta","Value at the end of the period","1.0000000"
"2013Q2","Malta","Value at the end of the period","1.0000000"
"2013Q3","Malta","Value at the end of the period","1.0000000"
"2013Q4","Malta","Value at the end of the period","1.0000000"
"2014Q1","Malta","Value at the end of the period","1.0000000"
"2014Q2","Malta","Value at the end of the period","1.0000000"
"1995Q1","Netherlands","Value at the end of the period","0.94050351"
"1995Q2","Netherlands","Value at the end of the period","0.94579932"
"1995Q3","Netherlands","Value at the end of the period","0.95362198"
"1995Q4","Netherlands","Value at the end of the period","0.95682735"
"1996Q1","Netherlands","Value at the end of the period","0.96187339"
"1996Q2","Netherlands","Value at the end of the period","0.97450209"
"1996Q3","Netherlands","Value at the end of the period","0.97675738"
"1996Q4","Netherlands","Value at the end of the period","0.99138271"
"1997Q1","Netherlands","Value at the end of the period","0.99646051"
"1997Q2","Netherlands","Value at the end of the period","1.0064391"
"1997Q3","Netherlands","Value at the end of the period","1.0049644"
"1997Q4","Netherlands","Value at the end of the period","1.0107591"
"1998Q1","Netherlands","Value at the end of the period","1.0160593"
"1998Q2","Netherlands","Value at the end of the period","1.0118981"
"1998Q3","Netherlands","Value at the end of the period","1.0041657"
"1998Q4","Netherlands","Value at the end of the period","1.0000000"
"1999Q1","Netherlands","Value at the end of the period","1.0000000"
"1999Q2","Netherlands","Value at the end of the period","1.0000000"
"1999Q3","Netherlands","Value at the end of the period","1.0000000"
"1999Q4","Netherlands","Value at the end of the period","1.0000000"
"2000Q1","Netherlands","Value at the end of the period","1.0000000"
"2000Q2","Netherlands","Value at the end of the period","1.0000000"
"2000Q3","Netherlands","Value at the end of the period","1.0000000"
"2000Q4","Netherlands","Value at the end of the period","1.0000000"
"2001Q1","Netherlands","Value at the end of the period","1.0000000"
"2001Q2","Netherlands","Value at the end of the period","1.0000000"
"2001Q3","Netherlands","Value at the end of the period","1.0000000"
"2001Q4","Netherlands","Value at the end of the period","1.0000000"
"2002Q1","Netherlands","Value at the end of the period","1.0000000"
"2002Q2","Netherlands","Value at the end of the period","1.0000000"
"2002Q3","Netherlands","Value at the end of the period","1.0000000"
"2002Q4","Netherlands","Value at the end of the period","1.0000000"
"2003Q1","Netherlands","Value at the end of the period","1.0000000"
"2003Q2","Netherlands","Value at the end of the period","1.0000000"
"2003Q3","Netherlands","Value at the end of the period","1.0000000"
"2003Q4","Netherlands","Value at the end of the period","1.0000000"
"2004Q1","Netherlands","Value at the end of the period","1.0000000"
"2004Q2","Netherlands","Value at the end of the period","1.0000000"
"2004Q3","Netherlands","Value at the end of the period","1.0000000"
"2004Q4","Netherlands","Value at the end of the period","1.0000000"
"2005Q1","Netherlands","Value at the end of the period","1.0000000"
"2005Q2","Netherlands","Value at the end of the period","1.0000000"
"2005Q3","Netherlands","Value at the end of the period","1.0000000"
"2005Q4","Netherlands","Value at the end of the period","1.0000000"
"2006Q1","Netherlands","Value at the end of the period","1.0000000"
"2006Q2","Netherlands","Value at the end of the period","1.0000000"
"2006Q3","Netherlands","Value at the end of the period","1.0000000"
"2006Q4","Netherlands","Value at the end of the period","1.0000000"
"2007Q1","Netherlands","Value at the end of the period","1.0000000"
"2007Q2","Netherlands","Value at the end of the period","1.0000000"
"2007Q3","Netherlands","Value at the end of the period","1.0000000"
"2007Q4","Netherlands","Value at the end of the period","1.0000000"
"2008Q1","Netherlands","Value at the end of the period","1.0000000"
"2008Q2","Netherlands","Value at the end of the period","1.0000000"
"2008Q3","Netherlands","Value at the end of the period","1.0000000"
"2008Q4","Netherlands","Value at the end of the period","1.0000000"
"2009Q1","Netherlands","Value at the end of the period","1.0000000"
"2009Q2","Netherlands","Value at the end of the period","1.0000000"
"2009Q3","Netherlands","Value at the end of the period","1.0000000"
"2009Q4","Netherlands","Value at the end of the period","1.0000000"
"2010Q1","Netherlands","Value at the end of the period","1.0000000"
"2010Q2","Netherlands","Value at the end of the period","1.0000000"
"2010Q3","Netherlands","Value at the end of the period","1.0000000"
"2010Q4","Netherlands","Value at the end of the period","1.0000000"
"2011Q1","Netherlands","Value at the end of the period","1.0000000"
"2011Q2","Netherlands","Value at the end of the period","1.0000000"
"2011Q3","Netherlands","Value at the end of the period","1.0000000"
"2011Q4","Netherlands","Value at the end of the period","1.0000000"
"2012Q1","Netherlands","Value at the end of the period","1.0000000"
"2012Q2","Netherlands","Value at the end of the period","1.0000000"
"2012Q3","Netherlands","Value at the end of the period","1.0000000"
"2012Q4","Netherlands","Value at the end of the period","1.0000000"
"2013Q1","Netherlands","Value at the end of the period","1.0000000"
"2013Q2","Netherlands","Value at the end of the period","1.0000000"
"2013Q3","Netherlands","Value at the end of the period","1.0000000"
"2013Q4","Netherlands","Value at the end of the period","1.0000000"
"2014Q1","Netherlands","Value at the end of the period","1.0000000"
"2014Q2","Netherlands","Value at the end of the period","1.0000000"
"1995Q1","Austria","Value at the end of the period","0.94700552"
"1995Q2","Austria","Value at the end of the period","0.95088177"
"1995Q3","Austria","Value at the end of the period","0.95970120"
"1995Q4","Austria","Value at the end of the period","0.96330749"
"1996Q1","Austria","Value at the end of the period","0.96791494"
"1996Q2","Austria","Value at the end of the period","0.97941179"
"1996Q3","Austria","Value at the end of the period","0.98106146"
"1996Q4","Austria","Value at the end of the period","0.99536347"
"1997Q1","Austria","Value at the end of the period","0.99851021"
"1997Q2","Austria","Value at the end of the period","1.0074708"
"1997Q3","Austria","Value at the end of the period","1.0055595"
"1997Q4","Austria","Value at the end of the period","1.0102977"
"1998Q1","Austria","Value at the end of the period","1.0156247"
"1998Q2","Austria","Value at the end of the period","1.0113733"
"1998Q3","Austria","Value at the end of the period","1.0034011"
"1998Q4","Austria","Value at the end of the period","1.0000000"
"1999Q1","Austria","Value at the end of the period","1.0000000"
"1999Q2","Austria","Value at the end of the period","1.0000000"
"1999Q3","Austria","Value at the end of the period","1.0000000"
"1999Q4","Austria","Value at the end of the period","1.0000000"
"2000Q1","Austria","Value at the end of the period","1.0000000"
"2000Q2","Austria","Value at the end of the period","1.0000000"
"2000Q3","Austria","Value at the end of the period","1.0000000"
"2000Q4","Austria","Value at the end of the period","1.0000000"
"2001Q1","Austria","Value at the end of the period","1.0000000"
"2001Q2","Austria","Value at the end of the period","1.0000000"
"2001Q3","Austria","Value at the end of the period","1.0000000"
"2001Q4","Austria","Value at the end of the period","1.0000000"
"2002Q1","Austria","Value at the end of the period","1.0000000"
"2002Q2","Austria","Value at the end of the period","1.0000000"
"2002Q3","Austria","Value at the end of the period","1.0000000"
"2002Q4","Austria","Value at the end of the period","1.0000000"
"2003Q1","Austria","Value at the end of the period","1.0000000"
"2003Q2","Austria","Value at the end of the period","1.0000000"
"2003Q3","Austria","Value at the end of the period","1.0000000"
"2003Q4","Austria","Value at the end of the period","1.0000000"
"2004Q1","Austria","Value at the end of the period","1.0000000"
"2004Q2","Austria","Value at the end of the period","1.0000000"
"2004Q3","Austria","Value at the end of the period","1.0000000"
"2004Q4","Austria","Value at the end of the period","1.0000000"
"2005Q1","Austria","Value at the end of the period","1.0000000"
"2005Q2","Austria","Value at the end of the period","1.0000000"
"2005Q3","Austria","Value at the end of the period","1.0000000"
"2005Q4","Austria","Value at the end of the period","1.0000000"
"2006Q1","Austria","Value at the end of the period","1.0000000"
"2006Q2","Austria","Value at the end of the period","1.0000000"
"2006Q3","Austria","Value at the end of the period","1.0000000"
"2006Q4","Austria","Value at the end of the period","1.0000000"
"2007Q1","Austria","Value at the end of the period","1.0000000"
"2007Q2","Austria","Value at the end of the period","1.0000000"
"2007Q3","Austria","Value at the end of the period","1.0000000"
"2007Q4","Austria","Value at the end of the period","1.0000000"
"2008Q1","Austria","Value at the end of the period","1.0000000"
"2008Q2","Austria","Value at the end of the period","1.0000000"
"2008Q3","Austria","Value at the end of the period","1.0000000"
"2008Q4","Austria","Value at the end of the period","1.0000000"
"2009Q1","Austria","Value at the end of the period","1.0000000"
"2009Q2","Austria","Value at the end of the period","1.0000000"
"2009Q3","Austria","Value at the end of the period","1.0000000"
"2009Q4","Austria","Value at the end of the period","1.0000000"
"2010Q1","Austria","Value at the end of the period","1.0000000"
"2010Q2","Austria","Value at the end of the period","1.0000000"
"2010Q3","Austria","Value at the end of the period","1.0000000"
"2010Q4","Austria","Value at the end of the period","1.0000000"
"2011Q1","Austria","Value at the end of the period","1.0000000"
"2011Q2","Austria","Value at the end of the period","1.0000000"
"2011Q3","Austria","Value at the end of the period","1.0000000"
"2011Q4","Austria","Value at the end of the period","1.0000000"
"2012Q1","Austria","Value at the end of the period","1.0000000"
"2012Q2","Austria","Value at the end of the period","1.0000000"
"2012Q3","Austria","Value at the end of the period","1.0000000"
"2012Q4","Austria","Value at the end of the period","1.0000000"
"2013Q1","Austria","Value at the end of the period","1.0000000"
"2013Q2","Austria","Value at the end of the period","1.0000000"
"2013Q3","Austria","Value at the end of the period","1.0000000"
"2013Q4","Austria","Value at the end of the period","1.0000000"
"2014Q1","Austria","Value at the end of the period","1.0000000"
"2014Q2","Austria","Value at the end of the period","1.0000000"
"1995Q1","Portugal","Value at the end of the period","0.97541575"
"1995Q2","Portugal","Value at the end of the period","0.98108213"
"1995Q3","Portugal","Value at the end of the period","0.98344849"
"1995Q4","Portugal","Value at the end of the period","0.98016281"
"1996Q1","Portugal","Value at the end of the period","0.97586317"
"1996Q2","Portugal","Value at the end of the period","0.98288624"
"1996Q3","Portugal","Value at the end of the period","0.97367843"
"1996Q4","Portugal","Value at the end of the period","0.97748426"
"1997Q1","Portugal","Value at the end of the period","0.97970890"
"1997Q2","Portugal","Value at the end of the period","0.99202921"
"1997Q3","Portugal","Value at the end of the period","0.99884778"
"1997Q4","Portugal","Value at the end of the period","1.0082551"
"1998Q1","Portugal","Value at the end of the period","1.0149190"
"1998Q2","Portugal","Value at the end of the period","1.0099560"
"1998Q3","Portugal","Value at the end of the period","1.0039704"
"1998Q4","Portugal","Value at the end of the period","1.0000000"
"1999Q1","Portugal","Value at the end of the period","1.0000000"
"1999Q2","Portugal","Value at the end of the period","1.0000000"
"1999Q3","Portugal","Value at the end of the period","1.0000000"
"1999Q4","Portugal","Value at the end of the period","1.0000000"
"2000Q1","Portugal","Value at the end of the period","1.0000000"
"2000Q2","Portugal","Value at the end of the period","1.0000000"
"2000Q3","Portugal","Value at the end of the period","1.0000000"
"2000Q4","Portugal","Value at the end of the period","1.0000000"
"2001Q1","Portugal","Value at the end of the period","1.0000000"
"2001Q2","Portugal","Value at the end of the period","1.0000000"
"2001Q3","Portugal","Value at the end of the period","1.0000000"
"2001Q4","Portugal","Value at the end of the period","1.0000000"
"2002Q1","Portugal","Value at the end of the period","1.0000000"
"2002Q2","Portugal","Value at the end of the period","1.0000000"
"2002Q3","Portugal","Value at the end of the period","1.0000000"
"2002Q4","Portugal","Value at the end of the period","1.0000000"
"2003Q1","Portugal","Value at the end of the period","1.0000000"
"2003Q2","Portugal","Value at the end of the period","1.0000000"
"2003Q3","Portugal","Value at the end of the period","1.0000000"
"2003Q4","Portugal","Value at the end of the period","1.0000000"
"2004Q1","Portugal","Value at the end of the period","1.0000000"
"2004Q2","Portugal","Value at the end of the period","1.0000000"
"2004Q3","Portugal","Value at the end of the period","1.0000000"
"2004Q4","Portugal","Value at the end of the period","1.0000000"
"2005Q1","Portugal","Value at the end of the period","1.0000000"
"2005Q2","Portugal","Value at the end of the period","1.0000000"
"2005Q3","Portugal","Value at the end of the period","1.0000000"
"2005Q4","Portugal","Value at the end of the period","1.0000000"
"2006Q1","Portugal","Value at the end of the period","1.0000000"
"2006Q2","Portugal","Value at the end of the period","1.0000000"
"2006Q3","Portugal","Value at the end of the period","1.0000000"
"2006Q4","Portugal","Value at the end of the period","1.0000000"
"2007Q1","Portugal","Value at the end of the period","1.0000000"
"2007Q2","Portugal","Value at the end of the period","1.0000000"
"2007Q3","Portugal","Value at the end of the period","1.0000000"
"2007Q4","Portugal","Value at the end of the period","1.0000000"
"2008Q1","Portugal","Value at the end of the period","1.0000000"
"2008Q2","Portugal","Value at the end of the period","1.0000000"
"2008Q3","Portugal","Value at the end of the period","1.0000000"
"2008Q4","Portugal","Value at the end of the period","1.0000000"
"2009Q1","Portugal","Value at the end of the period","1.0000000"
"2009Q2","Portugal","Value at the end of the period","1.0000000"
"2009Q3","Portugal","Value at the end of the period","1.0000000"
"2009Q4","Portugal","Value at the end of the period","1.0000000"
"2010Q1","Portugal","Value at the end of the period","1.0000000"
"2010Q2","Portugal","Value at the end of the period","1.0000000"
"2010Q3","Portugal","Value at the end of the period","1.0000000"
"2010Q4","Portugal","Value at the end of the period","1.0000000"
"2011Q1","Portugal","Value at the end of the period","1.0000000"
"2011Q2","Portugal","Value at the end of the period","1.0000000"
"2011Q3","Portugal","Value at the end of the period","1.0000000"
"2011Q4","Portugal","Value at the end of the period","1.0000000"
"2012Q1","Portugal","Value at the end of the period","1.0000000"
"2012Q2","Portugal","Value at the end of the period","1.0000000"
"2012Q3","Portugal","Value at the end of the period","1.0000000"
"2012Q4","Portugal","Value at the end of the period","1.0000000"
"2013Q1","Portugal","Value at the end of the period","1.0000000"
"2013Q2","Portugal","Value at the end of the period","1.0000000"
"2013Q3","Portugal","Value at the end of the period","1.0000000"
"2013Q4","Portugal","Value at the end of the period","1.0000000"
"2014Q1","Portugal","Value at the end of the period","1.0000000"
"2014Q2","Portugal","Value at the end of the period","1.0000000"
"1995Q1","Slovenia","Value at the end of the period","0.63108413"
"1995Q2","Slovenia","Value at the end of the period","0.63096728"
"1995Q3","Slovenia","Value at the end of the period","0.64863963"
"1995Q4","Slovenia","Value at the end of the period","0.69096144"
"1996Q1","Slovenia","Value at the end of the period","0.71605325"
"1996Q2","Slovenia","Value at the end of the period","0.71666249"
"1996Q3","Slovenia","Value at the end of the period","0.71525622"
"1996Q4","Slovenia","Value at the end of the period","0.73978468"
"1997Q1","Slovenia","Value at the end of the period","0.74823068"
"1997Q2","Slovenia","Value at the end of the period","0.73973460"
"1997Q3","Slovenia","Value at the end of the period","0.76662911"
"1997Q4","Slovenia","Value at the end of the period","0.77954432"
"1998Q1","Slovenia","Value at the end of the period","0.77544650"
"1998Q2","Slovenia","Value at the end of the period","0.77605158"
"1998Q3","Slovenia","Value at the end of the period","0.77283008"
"1998Q4","Slovenia","Value at the end of the period","0.78789017"
"1999Q1","Slovenia","Value at the end of the period","0.79757470"
"1999Q2","Slovenia","Value at the end of the period","0.81872267"
"1999Q3","Slovenia","Value at the end of the period","0.81794567"
"1999Q4","Slovenia","Value at the end of the period","0.83001794"
"2000Q1","Slovenia","Value at the end of the period","0.84851527"
"2000Q2","Slovenia","Value at the end of the period","0.86525288"
"2000Q3","Slovenia","Value at the end of the period","0.87405108"
"2000Q4","Slovenia","Value at the end of the period","0.89108705"
"2001Q1","Slovenia","Value at the end of the period","0.90225255"
"2001Q2","Slovenia","Value at the end of the period","0.91144842"
"2001Q3","Slovenia","Value at the end of the period","0.91816141"
"2001Q4","Slovenia","Value at the end of the period","0.91318812"
"2002Q1","Slovenia","Value at the end of the period","0.93368261"
"2002Q2","Slovenia","Value at the end of the period","0.94544817"
"2002Q3","Slovenia","Value at the end of the period","0.95269988"
"2002Q4","Slovenia","Value at the end of the period","0.96043106"
"2003Q1","Slovenia","Value at the end of the period","0.96808296"
"2003Q2","Slovenia","Value at the end of the period","0.97626440"
"2003Q3","Slovenia","Value at the end of the period","0.98270322"
"2003Q4","Slovenia","Value at the end of the period","0.98773160"
"2004Q1","Slovenia","Value at the end of the period","0.99474211"
"2004Q2","Slovenia","Value at the end of the period","1.0014605"
"2004Q3","Slovenia","Value at the end of the period","1.0014188"
"2004Q4","Slovenia","Value at the end of the period","1.0005008"
"2005Q1","Slovenia","Value at the end of the period","1.0003756"
"2005Q2","Slovenia","Value at the end of the period","0.99929060"
"2005Q3","Slovenia","Value at the end of the period","0.99949925"
"2005Q4","Slovenia","Value at the end of the period","0.99941579"
"2006Q1","Slovenia","Value at the end of the period","0.99966617"
"2006Q2","Slovenia","Value at the end of the period","0.99995827"
"2006Q3","Slovenia","Value at the end of the period","0.99979135"
"2006Q4","Slovenia","Value at the end of the period","1.0000000"
"2007Q1","Slovenia","Value at the end of the period","1.0000000"
"2007Q2","Slovenia","Value at the end of the period","1.0000000"
"2007Q3","Slovenia","Value at the end of the period","1.0000000"
"2007Q4","Slovenia","Value at the end of the period","1.0000000"
"2008Q1","Slovenia","Value at the end of the period","1.0000000"
"2008Q2","Slovenia","Value at the end of the period","1.0000000"
"2008Q3","Slovenia","Value at the end of the period","1.0000000"
"2008Q4","Slovenia","Value at the end of the period","1.0000000"
"2009Q1","Slovenia","Value at the end of the period","1.0000000"
"2009Q2","Slovenia","Value at the end of the period","1.0000000"
"2009Q3","Slovenia","Value at the end of the period","1.0000000"
"2009Q4","Slovenia","Value at the end of the period","1.0000000"
"2010Q1","Slovenia","Value at the end of the period","1.0000000"
"2010Q2","Slovenia","Value at the end of the period","1.0000000"
"2010Q3","Slovenia","Value at the end of the period","1.0000000"
"2010Q4","Slovenia","Value at the end of the period","1.0000000"
"2011Q1","Slovenia","Value at the end of the period","1.0000000"
"2011Q2","Slovenia","Value at the end of the period","1.0000000"
"2011Q3","Slovenia","Value at the end of the period","1.0000000"
"2011Q4","Slovenia","Value at the end of the period","1.0000000"
"2012Q1","Slovenia","Value at the end of the period","1.0000000"
"2012Q2","Slovenia","Value at the end of the period","1.0000000"
"2012Q3","Slovenia","Value at the end of the period","1.0000000"
"2012Q4","Slovenia","Value at the end of the period","1.0000000"
"2013Q1","Slovenia","Value at the end of the period","1.0000000"
"2013Q2","Slovenia","Value at the end of the period","1.0000000"
"2013Q3","Slovenia","Value at the end of the period","1.0000000"
"2013Q4","Slovenia","Value at the end of the period","1.0000000"
"2014Q1","Slovenia","Value at the end of the period","1.0000000"
"2014Q2","Slovenia","Value at the end of the period","1.0000000"
"1995Q1","Slovakia","Value at the end of the period","1.2891257"
"1995Q2","Slovakia","Value at the end of the period","1.3083682"
"1995Q3","Slovakia","Value at the end of the period","1.2927372"
"1995Q4","Slovakia","Value at the end of the period","1.2899422"
"1996Q1","Slovakia","Value at the end of the period","1.2859709"
"1996Q2","Slovakia","Value at the end of the period","1.2939551"
"1996Q3","Slovakia","Value at the end of the period","1.2927139"
"1996Q4","Slovakia","Value at the end of the period","1.3261535"
"1997Q1","Slovakia","Value at the end of the period","1.2709022"
"1997Q2","Slovakia","Value at the end of the period","1.2614951"
"1997Q3","Slovakia","Value at the end of the period","1.2511386"
"1997Q4","Slovakia","Value at the end of the period","1.2757850"
"1998Q1","Slovakia","Value at the end of the period","1.2650435"
"1998Q2","Slovakia","Value at the end of the period","1.2801832"
"1998Q3","Slovakia","Value at the end of the period","1.3498938"
"1998Q4","Slovakia","Value at the end of the period","1.4342727"
"1999Q1","Slovakia","Value at the end of the period","1.4924650"
"1999Q2","Slovakia","Value at the end of the period","1.5045808"
"1999Q3","Slovakia","Value at the end of the period","1.4358362"
"1999Q4","Slovakia","Value at the end of the period","1.4074885"
"2000Q1","Slovakia","Value at the end of the period","1.3837881"
"2000Q2","Slovakia","Value at the end of the period","1.4154219"
"2000Q3","Slovakia","Value at the end of the period","1.4520016"
"2000Q4","Slovakia","Value at the end of the period","1.4583084"
"2001Q1","Slovakia","Value at the end of the period","1.4493461"
"2001Q2","Slovakia","Value at the end of the period","1.4029410"
"2001Q3","Slovakia","Value at the end of the period","1.4479851"
"2001Q4","Slovakia","Value at the end of the period","1.4200358"
"2002Q1","Slovakia","Value at the end of the period","1.3892319"
"2002Q2","Slovakia","Value at the end of the period","1.4578769"
"2002Q3","Slovakia","Value at the end of the period","1.3876718"
"2002Q4","Slovakia","Value at the end of the period","1.3776472"
"2003Q1","Slovakia","Value at the end of the period","1.3738299"
"2003Q2","Slovakia","Value at the end of the period","1.3792073"
"2003Q3","Slovakia","Value at the end of the period","1.3664277"
"2003Q4","Slovakia","Value at the end of the period","1.3665936"
"2004Q1","Slovakia","Value at the end of the period","1.3315741"
"2004Q2","Slovakia","Value at the end of the period","1.3236075"
"2004Q3","Slovakia","Value at the end of the period","1.3295824"
"2004Q4","Slovakia","Value at the end of the period","1.2860984"
"2005Q1","Slovakia","Value at the end of the period","1.2836752"
"2005Q2","Slovakia","Value at the end of the period","1.2751112"
"2005Q3","Slovakia","Value at the end of the period","1.2875921"
"2005Q4","Slovakia","Value at the end of the period","1.2573856"
"2006Q1","Slovakia","Value at the end of the period","1.2490872"
"2006Q2","Slovakia","Value at the end of the period","1.2729868"
"2006Q3","Slovakia","Value at the end of the period","1.2409547"
"2006Q4","Slovakia","Value at the end of the period","1.1430326"
"2007Q1","Slovakia","Value at the end of the period","1.1066853"
"2007Q2","Slovakia","Value at the end of the period","1.1164775"
"2007Q3","Slovakia","Value at the end of the period","1.1245104"
"2007Q4","Slovakia","Value at the end of the period","1.1147514"
"2008Q1","Slovakia","Value at the end of the period","1.0815243"
"2008Q2","Slovakia","Value at the end of the period","1.0026223"
"2008Q3","Slovakia","Value at the end of the period","1.0057757"
"2008Q4","Slovakia","Value at the end of the period","1.0000000"
"2009Q1","Slovakia","Value at the end of the period","1.0000000"
"2009Q2","Slovakia","Value at the end of the period","1.0000000"
"2009Q3","Slovakia","Value at the end of the period","1.0000000"
"2009Q4","Slovakia","Value at the end of the period","1.0000000"
"2010Q1","Slovakia","Value at the end of the period","1.0000000"
"2010Q2","Slovakia","Value at the end of the period","1.0000000"
"2010Q3","Slovakia","Value at the end of the period","1.0000000"
"2010Q4","Slovakia","Value at the end of the period","1.0000000"
"2011Q1","Slovakia","Value at the end of the period","1.0000000"
"2011Q2","Slovakia","Value at the end of the period","1.0000000"
"2011Q3","Slovakia","Value at the end of the period","1.0000000"
"2011Q4","Slovakia","Value at the end of the period","1.0000000"
"2012Q1","Slovakia","Value at the end of the period","1.0000000"
"2012Q2","Slovakia","Value at the end of the period","1.0000000"
"2012Q3","Slovakia","Value at the end of the period","1.0000000"
"2012Q4","Slovakia","Value at the end of the period","1.0000000"
"2013Q1","Slovakia","Value at the end of the period","1.0000000"
"2013Q2","Slovakia","Value at the end of the period","1.0000000"
"2013Q3","Slovakia","Value at the end of the period","1.0000000"
"2013Q4","Slovakia","Value at the end of the period","1.0000000"
"2014Q1","Slovakia","Value at the end of the period","1.0000000"
"2014Q2","Slovakia","Value at the end of the period","1.0000000"
"1995Q1","Finland","Value at the end of the period","0.97768028"
"1995Q2","Finland","Value at the end of the period","0.96694498"
"1995Q3","Finland","Value at the end of the period","0.94532202"
"1995Q4","Finland","Value at the end of the period","0.96152197"
"1996Q1","Finland","Value at the end of the period","0.99957953"
"1996Q2","Finland","Value at the end of the period","0.98384555"
"1996Q3","Finland","Value at the end of the period","0.96657938"
"1996Q4","Finland","Value at the end of the period","0.97824826"
"1997Q1","Finland","Value at the end of the period","0.97473817"
"1997Q2","Finland","Value at the end of the period","0.98829244"
"1997Q3","Finland","Value at the end of the period","0.98952189"
"1997Q4","Finland","Value at the end of the period","1.0069848"
"1998Q1","Finland","Value at the end of the period","1.0139630"
"1998Q2","Finland","Value at the end of the period","1.0111593"
"1998Q3","Finland","Value at the end of the period","1.0046824"
"1998Q4","Finland","Value at the end of the period","1.0000000"
"1999Q1","Finland","Value at the end of the period","1.0000000"
"1999Q2","Finland","Value at the end of the period","1.0000000"
"1999Q3","Finland","Value at the end of the period","1.0000000"
"1999Q4","Finland","Value at the end of the period","1.0000000"
"2000Q1","Finland","Value at the end of the period","1.0000000"
"2000Q2","Finland","Value at the end of the period","1.0000000"
"2000Q3","Finland","Value at the end of the period","1.0000000"
"2000Q4","Finland","Value at the end of the period","1.0000000"
"2001Q1","Finland","Value at the end of the period","1.0000000"
"2001Q2","Finland","Value at the end of the period","1.0000000"
"2001Q3","Finland","Value at the end of the period","1.0000000"
"2001Q4","Finland","Value at the end of the period","1.0000000"
"2002Q1","Finland","Value at the end of the period","1.0000000"
"2002Q2","Finland","Value at the end of the period","1.0000000"
"2002Q3","Finland","Value at the end of the period","1.0000000"
"2002Q4","Finland","Value at the end of the period","1.0000000"
"2003Q1","Finland","Value at the end of the period","1.0000000"
"2003Q2","Finland","Value at the end of the period","1.0000000"
"2003Q3","Finland","Value at the end of the period","1.0000000"
"2003Q4","Finland","Value at the end of the period","1.0000000"
"2004Q1","Finland","Value at the end of the period","1.0000000"
"2004Q2","Finland","Value at the end of the period","1.0000000"
"2004Q3","Finland","Value at the end of the period","1.0000000"
"2004Q4","Finland","Value at the end of the period","1.0000000"
"2005Q1","Finland","Value at the end of the period","1.0000000"
"2005Q2","Finland","Value at the end of the period","1.0000000"
"2005Q3","Finland","Value at the end of the period","1.0000000"
"2005Q4","Finland","Value at the end of the period","1.0000000"
"2006Q1","Finland","Value at the end of the period","1.0000000"
"2006Q2","Finland","Value at the end of the period","1.0000000"
"2006Q3","Finland","Value at the end of the period","1.0000000"
"2006Q4","Finland","Value at the end of the period","1.0000000"
"2007Q1","Finland","Value at the end of the period","1.0000000"
"2007Q2","Finland","Value at the end of the period","1.0000000"
"2007Q3","Finland","Value at the end of the period","1.0000000"
"2007Q4","Finland","Value at the end of the period","1.0000000"
"2008Q1","Finland","Value at the end of the period","1.0000000"
"2008Q2","Finland","Value at the end of the period","1.0000000"
"2008Q3","Finland","Value at the end of the period","1.0000000"
"2008Q4","Finland","Value at the end of the period","1.0000000"
"2009Q1","Finland","Value at the end of the period","1.0000000"
"2009Q2","Finland","Value at the end of the period","1.0000000"
"2009Q3","Finland","Value at the end of the period","1.0000000"
"2009Q4","Finland","Value at the end of the period","1.0000000"
"2010Q1","Finland","Value at the end of the period","1.0000000"
"2010Q2","Finland","Value at the end of the period","1.0000000"
"2010Q3","Finland","Value at the end of the period","1.0000000"
"2010Q4","Finland","Value at the end of the period","1.0000000"
"2011Q1","Finland","Value at the end of the period","1.0000000"
"2011Q2","Finland","Value at the end of the period","1.0000000"
"2011Q3","Finland","Value at the end of the period","1.0000000"
"2011Q4","Finland","Value at the end of the period","1.0000000"
"2012Q1","Finland","Value at the end of the period","1.0000000"
"2012Q2","Finland","Value at the end of the period","1.0000000"
"2012Q3","Finland","Value at the end of the period","1.0000000"
"2012Q4","Finland","Value at the end of the period","1.0000000"
"2013Q1","Finland","Value at the end of the period","1.0000000"
"2013Q2","Finland","Value at the end of the period","1.0000000"
"2013Q3","Finland","Value at the end of the period","1.0000000"
"2013Q4","Finland","Value at the end of the period","1.0000000"
"2014Q1","Finland","Value at the end of the period","1.0000000"
"2014Q2","Finland","Value at the end of the period","1.0000000"
