"TIME","GEO","AGE","SEX","Value"
"1995","European Union (28 countries)","Total","Total","481 659 499"
"1996","European Union (28 countries)","Total","Total","482 437 319"
"1997","European Union (28 countries)","Total","Total","483 174 847"
"1998","European Union (28 countries)","Total","Total","485 480 942"
"1999","European Union (28 countries)","Total","Total","486 182 967"
"2000","European Union (28 countries)","Total","Total","486 958 178"
"2001","European Union (28 countries)","Total","Total","488 150 701"
"2002","European Union (28 countries)","Total","Total","489 065 254"
"2003","European Union (28 countries)","Total","Total","490 815 046"
"2004","European Union (28 countries)","Total","Total","492 709 300"
"2005","European Union (28 countries)","Total","Total","494 774 599"
"2006","European Union (28 countries)","Total","Total","496 633 373"
"2007","European Union (28 countries)","Total","Total","498 408 547"
"2008","European Union (28 countries)","Total","Total","500 418 320"
"2009","European Union (28 countries)","Total","Total","502 186 144"
"2010","European Union (28 countries)","Total","Total","503 379 305"
"2011","European Union (28 countries)","Total","Total","504 961 522"
"2012","European Union (28 countries)","Total","Total","506 098 349"
"2013","European Union (28 countries)","Total","Total","507 162 571"
"1995","European Union (27 countries)","Total","Total","477 000 606"
"1996","European Union (27 countries)","Total","Total","477 856 152"
"1997","European Union (27 countries)","Total","Total","478 641 819"
"1998","European Union (27 countries)","Total","Total","480 944 130"
"1999","European Union (27 countries)","Total","Total","481 655 508"
"2000","European Union (27 countries)","Total","Total","482 460 443"
"2001","European Union (27 countries)","Total","Total","483 855 295"
"2002","European Union (27 countries)","Total","Total","484 759 760"
"2003","European Union (27 countries)","Total","Total","486 509 662"
"2004","European Union (27 countries)","Total","Total","488 403 575"
"2005","European Union (27 countries)","Total","Total","490 463 738"
"2006","European Union (27 countries)","Total","Total","492 320 886"
"2007","European Union (27 countries)","Total","Total","494 095 017"
"2008","European Union (27 countries)","Total","Total","496 106 353"
"2009","European Union (27 countries)","Total","Total","497 876 348"
"2010","European Union (27 countries)","Total","Total","499 076 458"
"2011","European Union (27 countries)","Total","Total","500 671 665"
"2012","European Union (27 countries)","Total","Total","501 822 365"
"2013","European Union (27 countries)","Total","Total","502 900 431"
"1995","Euro area (18 countries)","Total","Total","310 991 774"
"1996","Euro area (18 countries)","Total","Total","311 764 998"
"1997","Euro area (18 countries)","Total","Total","312 522 351"
"1998","Euro area (18 countries)","Total","Total","314 796 667"
"1999","Euro area (18 countries)","Total","Total","315 442 537"
"2000","Euro area (18 countries)","Total","Total","316 562 271"
"2001","Euro area (18 countries)","Total","Total","317 870 307"
"2002","Euro area (18 countries)","Total","Total","319 445 267"
"2003","Euro area (18 countries)","Total","Total","321 225 584"
"2004","Euro area (18 countries)","Total","Total","323 012 465"
"2005","Euro area (18 countries)","Total","Total","324 890 029"
"2006","Euro area (18 countries)","Total","Total","326 502 500"
"2007","Euro area (18 countries)","Total","Total","328 062 368"
"2008","Euro area (18 countries)","Total","Total","330 005 457"
"2009","Euro area (18 countries)","Total","Total","331 382 308"
"2010","Euro area (18 countries)","Total","Total","332 188 675"
"2011","Euro area (18 countries)","Total","Total","333 049 538"
"2012","Euro area (18 countries)","Total","Total","333 861 013"
"2013","Euro area (18 countries)","Total","Total","334 611 086"
"1995","Euro area (17 countries)","Total","Total","308 491 194"
"1996","Euro area (17 countries)","Total","Total","309 295 467"
"1997","Euro area (17 countries)","Total","Total","310 077 439"
"1998","Euro area (17 countries)","Total","Total","312 375 878"
"1999","Euro area (17 countries)","Total","Total","313 043 289"
"2000","Euro area (17 countries)","Total","Total","314 180 556"
"2001","Euro area (17 countries)","Total","Total","315 516 923"
"2002","Euro area (17 countries)","Total","Total","317 124 311"
"2003","Euro area (17 countries)","Total","Total","318 926 194"
"2004","Euro area (17 countries)","Total","Total","320 735 945"
"2005","Euro area (17 countries)","Total","Total","322 640 305"
"2006","Euro area (17 countries)","Total","Total","324 274 626"
"2007","Euro area (17 countries)","Total","Total","325 853 528"
"2008","Euro area (17 countries)","Total","Total","327 813 647"
"2009","Euro area (17 countries)","Total","Total","329 219 474"
"2010","Euro area (17 countries)","Total","Total","330 068 171"
"2011","Euro area (17 countries)","Total","Total","330 974 933"
"2012","Euro area (17 countries)","Total","Total","331 816 200"
"2013","Euro area (17 countries)","Total","Total","332 587 261"
"1995","Euro area (16 countries)","Total","Total","307 043 119"
"1996","Euro area (16 countries)","Total","Total","307 870 275"
"1997","Euro area (16 countries)","Total","Total","308 671 443"
"1998","Euro area (16 countries)","Total","Total","310 982 804"
"1999","Euro area (16 countries)","Total","Total","311 664 052"
"2000","Euro area (16 countries)","Total","Total","312 779 306"
"2001","Euro area (16 countries)","Total","Total","314 124 203"
"2002","Euro area (16 countries)","Total","Total","315 740 801"
"2003","Euro area (16 countries)","Total","Total","317 551 004"
"2004","Euro area (16 countries)","Total","Total","319 369 695"
"2005","Euro area (16 countries)","Total","Total","321 281 455"
"2006","Euro area (16 countries)","Total","Total","322 923 926"
"2007","Euro area (16 countries)","Total","Total","324 510 608"
"2008","Euro area (16 countries)","Total","Total","326 475 207"
"2009","Euro area (16 countries)","Total","Total","327 883 734"
"2010","Euro area (16 countries)","Total","Total","328 734 881"
"2011","Euro area (16 countries)","Total","Total","329 645 273"
"2012","Euro area (16 countries)","Total","Total","330 490 983"
"2013","Euro area (16 countries)","Total","Total","331 267 087"
"1995","Belgium","Total","Total","10 130 574"
"1996","Belgium","Total","Total","10 143 047"
"1997","Belgium","Total","Total","10 170 226"
"1998","Belgium","Total","Total","10 192 264"
"1999","Belgium","Total","Total","10 213 752"
"2000","Belgium","Total","Total","10 239 085"
"2001","Belgium","Total","Total","10 263 414"
"2002","Belgium","Total","Total","10 309 725"
"2003","Belgium","Total","Total","10 355 844"
"2004","Belgium","Total","Total","10 396 421"
"2005","Belgium","Total","Total","10 445 852"
"2006","Belgium","Total","Total","10 511 382"
"2007","Belgium","Total","Total","10 584 534"
"2008","Belgium","Total","Total","10 666 866"
"2009","Belgium","Total","Total","10 753 080"
"2010","Belgium","Total","Total","10 839 905"
"2011","Belgium","Total","Total","11 000 638"
"2012","Belgium","Total","Total","11 094 850"
"2013","Belgium","Total","Total","11 161 642"
"1995","Bulgaria","Total","Total","8 427 418"
"1996","Bulgaria","Total","Total","8 384 715"
"1997","Bulgaria","Total","Total","8 340 936"
"1998","Bulgaria","Total","Total","8 283 200"
"1999","Bulgaria","Total","Total","8 230 371"
"2000","Bulgaria","Total","Total","8 190 876"
"2001","Bulgaria","Total","Total","8 149 468"
"2002","Bulgaria","Total","Total","7 891 095"
"2003","Bulgaria","Total","Total","7 845 841"
"2004","Bulgaria","Total","Total","7 801 273"
"2005","Bulgaria","Total","Total","7 761 049"
"2006","Bulgaria","Total","Total","7 718 750"
"2007","Bulgaria","Total","Total","7 572 673"
"2008","Bulgaria","Total","Total","7 518 002"
"2009","Bulgaria","Total","Total","7 467 119"
"2010","Bulgaria","Total","Total","7 421 766"
"2011","Bulgaria","Total","Total","7 369 431"
"2012","Bulgaria","Total","Total","7 327 224"
"2013","Bulgaria","Total","Total","7 284 552"
"1995","Czech Republic","Total","Total","10 333 161"
"1996","Czech Republic","Total","Total","10 321 344"
"1997","Czech Republic","Total","Total","10 309 137"
"1998","Czech Republic","Total","Total","10 299 125"
"1999","Czech Republic","Total","Total","10 289 621"
"2000","Czech Republic","Total","Total","10 278 098"
"2001","Czech Republic","Total","Total","10 232 027"
"2002","Czech Republic","Total","Total","10 201 182"
"2003","Czech Republic","Total","Total","10 192 649"
"2004","Czech Republic","Total","Total","10 195 347"
"2005","Czech Republic","Total","Total","10 198 855"
"2006","Czech Republic","Total","Total","10 223 577"
"2007","Czech Republic","Total","Total","10 254 233"
"2008","Czech Republic","Total","Total","10 343 422"
"2009","Czech Republic","Total","Total","10 425 783"
"2010","Czech Republic","Total","Total","10 462 088"
"2011","Czech Republic","Total","Total","10 486 731"
"2012","Czech Republic","Total","Total","10 505 445"
"2013","Czech Republic","Total","Total","10 516 125"
"1995","Denmark","Total","Total","5 215 718"
"1996","Denmark","Total","Total","5 251 027"
"1997","Denmark","Total","Total","5 275 121"
"1998","Denmark","Total","Total","5 294 860"
"1999","Denmark","Total","Total","5 313 577"
"2000","Denmark","Total","Total","5 330 020"
"2001","Denmark","Total","Total","5 349 212"
"2002","Denmark","Total","Total","5 368 354"
"2003","Denmark","Total","Total","5 383 507"
"2004","Denmark","Total","Total","5 397 640"
"2005","Denmark","Total","Total","5 411 405"
"2006","Denmark","Total","Total","5 427 459"
"2007","Denmark","Total","Total","5 447 084"
"2008","Denmark","Total","Total","5 475 791"
"2009","Denmark","Total","Total","5 511 451"
"2010","Denmark","Total","Total","5 534 738"
"2011","Denmark","Total","Total","5 560 628"
"2012","Denmark","Total","Total","5 580 516"
"2013","Denmark","Total","Total","5 602 628"
"1995","Germany (until 1990 former territory of the FRG)","Total","Total","81 538 603"
"1996","Germany (until 1990 former territory of the FRG)","Total","Total","81 817 499"
"1997","Germany (until 1990 former territory of the FRG)","Total","Total","82 012 162"
"1998","Germany (until 1990 former territory of the FRG)","Total","Total","82 057 379"
"1999","Germany (until 1990 former territory of the FRG)","Total","Total","82 037 011"
"2000","Germany (until 1990 former territory of the FRG)","Total","Total","82 163 475"
"2001","Germany (until 1990 former territory of the FRG)","Total","Total","82 259 540"
"2002","Germany (until 1990 former territory of the FRG)","Total","Total","82 440 309"
"2003","Germany (until 1990 former territory of the FRG)","Total","Total","82 536 680"
"2004","Germany (until 1990 former territory of the FRG)","Total","Total","82 531 671"
"2005","Germany (until 1990 former territory of the FRG)","Total","Total","82 500 849"
"2006","Germany (until 1990 former territory of the FRG)","Total","Total","82 437 995"
"2007","Germany (until 1990 former territory of the FRG)","Total","Total","82 314 906"
"2008","Germany (until 1990 former territory of the FRG)","Total","Total","82 217 837"
"2009","Germany (until 1990 former territory of the FRG)","Total","Total","82 002 356"
"2010","Germany (until 1990 former territory of the FRG)","Total","Total","81 802 257"
"2011","Germany (until 1990 former territory of the FRG)","Total","Total","81 751 602"
"2012","Germany (until 1990 former territory of the FRG)","Total","Total","81 843 743"
"2013","Germany (until 1990 former territory of the FRG)","Total","Total","82 020 578"
"1995","Germany (including former GDR)","Total","Total","81 538 603"
"1996","Germany (including former GDR)","Total","Total","81 817 499"
"1997","Germany (including former GDR)","Total","Total","82 012 162"
"1998","Germany (including former GDR)","Total","Total","82 057 379"
"1999","Germany (including former GDR)","Total","Total","82 037 011"
"2000","Germany (including former GDR)","Total","Total","82 163 475"
"2001","Germany (including former GDR)","Total","Total","82 259 540"
"2002","Germany (including former GDR)","Total","Total","82 440 309"
"2003","Germany (including former GDR)","Total","Total","82 536 680"
"2004","Germany (including former GDR)","Total","Total","82 531 671"
"2005","Germany (including former GDR)","Total","Total","82 500 849"
"2006","Germany (including former GDR)","Total","Total","82 437 995"
"2007","Germany (including former GDR)","Total","Total","82 314 906"
"2008","Germany (including former GDR)","Total","Total","82 217 837"
"2009","Germany (including former GDR)","Total","Total","82 002 356"
"2010","Germany (including former GDR)","Total","Total","81 802 257"
"2011","Germany (including former GDR)","Total","Total","81 751 602"
"2012","Germany (including former GDR)","Total","Total","81 843 743"
"2013","Germany (including former GDR)","Total","Total","82 020 578"
"1995","Estonia","Total","Total","1 448 075"
"1996","Estonia","Total","Total","1 425 192"
"1997","Estonia","Total","Total","1 405 996"
"1998","Estonia","Total","Total","1 393 074"
"1999","Estonia","Total","Total","1 379 237"
"2000","Estonia","Total","Total","1 401 250"
"2001","Estonia","Total","Total","1 392 720"
"2002","Estonia","Total","Total","1 383 510"
"2003","Estonia","Total","Total","1 375 190"
"2004","Estonia","Total","Total","1 366 250"
"2005","Estonia","Total","Total","1 358 850"
"2006","Estonia","Total","Total","1 350 700"
"2007","Estonia","Total","Total","1 342 920"
"2008","Estonia","Total","Total","1 338 440"
"2009","Estonia","Total","Total","1 335 740"
"2010","Estonia","Total","Total","1 333 290"
"2011","Estonia","Total","Total","1 329 660"
"2012","Estonia","Total","Total","1 325 217"
"2013","Estonia","Total","Total","1 320 174"
"1995","Ireland","Total","Total","3 597 617"
"1996","Ireland","Total","Total","3 620 065"
"1997","Ireland","Total","Total","3 654 955"
"1998","Ireland","Total","Total","3 693 386"
"1999","Ireland","Total","Total","3 732 006"
"2000","Ireland","Total","Total","3 777 565"
"2001","Ireland","Total","Total","3 832 783"
"2002","Ireland","Total","Total","3 899 702"
"2003","Ireland","Total","Total","3 964 191"
"2004","Ireland","Total","Total","4 028 851"
"2005","Ireland","Total","Total","4 111 672"
"2006","Ireland","Total","Total","4 208 156"
"2007","Ireland","Total","Total","4 340 118"
"2008","Ireland","Total","Total","4 457 765"
"2009","Ireland","Total","Total","4 521 322"
"2010","Ireland","Total","Total","4 549 428"
"2011","Ireland","Total","Total","4 570 881"
"2012","Ireland","Total","Total","4 582 707"
"2013","Ireland","Total","Total","4 591 087"
"1995","Greece","Total","Total","10 595 074"
"1996","Greece","Total","Total","10 673 696"
"1997","Greece","Total","Total","10 744 649"
"1998","Greece","Total","Total","10 808 358"
"1999","Greece","Total","Total","10 861 402"
"2000","Greece","Total","Total","10 903 757"
"2001","Greece","Total","Total","10 934 985"
"2002","Greece","Total","Total","10 968 542"
"2003","Greece","Total","Total","10 998 903"
"2004","Greece","Total","Total","11 037 745"
"2005","Greece","Total","Total","11 073 713"
"2006","Greece","Total","Total","11 112 113"
"2007","Greece","Total","Total","11 143 780"
"2008","Greece","Total","Total","11 182 224"
"2009","Greece","Total","Total","11 190 654"
"2010","Greece","Total","Total","11 183 516"
"2011","Greece","Total","Total","11 123 392"
"2012","Greece","Total","Total","11 123 034"
"2013","Greece","Total","Total","11 062 508"
"1995","Spain","Total","Total","39 343 100"
"1996","Spain","Total","Total","39 430 933"
"1997","Spain","Total","Total","39 525 438"
"1998","Spain","Total","Total","39 639 388"
"1999","Spain","Total","Total","39 802 827"
"2000","Spain","Total","Total","40 049 708"
"2001","Spain","Total","Total","40 476 723"
"2002","Spain","Total","Total","41 035 278"
"2003","Spain","Total","Total","41 827 838"
"2004","Spain","Total","Total","42 547 451"
"2005","Spain","Total","Total","43 296 338"
"2006","Spain","Total","Total","44 009 971"
"2007","Spain","Total","Total","44 784 666"
"2008","Spain","Total","Total","45 668 939"
"2009","Spain","Total","Total","46 239 273"
"2010","Spain","Total","Total","46 486 619"
"2011","Spain","Total","Total","46 667 174"
"2012","Spain","Total","Total","46 818 219"
"2013","Spain","Total","Total","46 727 890"
"1995","France","Total","Total","59 315 139"
"1996","France","Total","Total","59 522 297"
"1997","France","Total","Total","59 726 386"
"1998","France","Total","Total","59 934 884"
"1999","France","Total","Total","60 158 533"
"2000","France","Total","Total","60 545 022"
"2001","France","Total","Total","60 979 315"
"2002","France","Total","Total","61 424 036"
"2003","France","Total","Total","61 864 088"
"2004","France","Total","Total","62 292 241"
"2005","France","Total","Total","62 772 870"
"2006","France","Total","Total","63 229 635"
"2007","France","Total","Total","63 645 065"
"2008","France","Total","Total","64 007 193"
"2009","France","Total","Total","64 350 226"
"2010","France","Total","Total","64 658 856"
"2011","France","Total","Total","64 978 721"
"2012","France","Total","Total","65 287 861"
"2013","France","Total","Total","65 578 819"
"1995","France (metropolitan)","Total","Total","57 752 535"
"1996","France (metropolitan)","Total","Total","57 935 959"
"1997","France (metropolitan)","Total","Total","58 116 018"
"1998","France (metropolitan)","Total","Total","58 298 962"
"1999","France (metropolitan)","Total","Total","58 496 613"
"2000","France (metropolitan)","Total","Total","58 858 198"
"2001","France (metropolitan)","Total","Total","59 266 572"
"2002","France (metropolitan)","Total","Total","59 685 899"
"2003","France (metropolitan)","Total","Total","60 101 841"
"2004","France (metropolitan)","Total","Total","60 505 421"
"2005","France (metropolitan)","Total","Total","60 963 264"
"2006","France (metropolitan)","Total","Total","61 399 733"
"2007","France (metropolitan)","Total","Total","61 795 238"
"2008","France (metropolitan)","Total","Total","62 134 866"
"2009","France (metropolitan)","Total","Total","62 465 709"
"2010","France (metropolitan)","Total","Total","62 765 235"
"2011","France (metropolitan)","Total","Total","63 070 344"
"2012","France (metropolitan)","Total","Total","63 378 545"
"2013","France (metropolitan)","Total","Total","63 659 608"
"1995","Croatia","Total","Total","4 658 893"
"1996","Croatia","Total","Total","4 581 167"
"1997","Croatia","Total","Total","4 533 028"
"1998","Croatia","Total","Total","4 536 812"
"1999","Croatia","Total","Total","4 527 459"
"2000","Croatia","Total","Total","4 497 735"
"2001","Croatia","Total","Total","4 295 406"
"2002","Croatia","Total","Total","4 305 494"
"2003","Croatia","Total","Total","4 305 384"
"2004","Croatia","Total","Total","4 305 725"
"2005","Croatia","Total","Total","4 310 861"
"2006","Croatia","Total","Total","4 312 487"
"2007","Croatia","Total","Total","4 313 530"
"2008","Croatia","Total","Total","4 311 967"
"2009","Croatia","Total","Total","4 309 796"
"2010","Croatia","Total","Total","4 302 847"
"2011","Croatia","Total","Total","4 289 857"
"2012","Croatia","Total","Total","4 275 984"
"2013","Croatia","Total","Total","4 262 140"
"1995","Italy","Total","Total","56 844 408"
"1996","Italy","Total","Total","56 844 197"
"1997","Italy","Total","Total","56 876 364"
"1998","Italy","Total","Total","56 904 379"
"1999","Italy","Total","Total","56 909 109"
"2000","Italy","Total","Total","56 923 524"
"2001","Italy","Total","Total","56 960 692"
"2002","Italy","Total","Total","56 987 507"
"2003","Italy","Total","Total","57 130 506"
"2004","Italy","Total","Total","57 495 900"
"2005","Italy","Total","Total","57 874 753"
"2006","Italy","Total","Total","58 064 214"
"2007","Italy","Total","Total","58 223 744"
"2008","Italy","Total","Total","58 652 875"
"2009","Italy","Total","Total","59 000 586"
"2010","Italy","Total","Total","59 190 143"
"2011","Italy","Total","Total","59 364 690"
"2012","Italy","Total","Total","59 394 207"
"2013","Italy","Total","Total","59 685 227"
"1995","Cyprus","Total","Total","645 399"
"1996","Cyprus","Total","Total","656 333"
"1997","Cyprus","Total","Total","666 313"
"1998","Cyprus","Total","Total","675 215"
"1999","Cyprus","Total","Total","682 862"
"2000","Cyprus","Total","Total","690 497"
"2001","Cyprus","Total","Total","697 549"
"2002","Cyprus","Total","Total","705 539"
"2003","Cyprus","Total","Total","713 720"
"2004","Cyprus","Total","Total","722 893"
"2005","Cyprus","Total","Total","733 067"
"2006","Cyprus","Total","Total","744 013"
"2007","Cyprus","Total","Total","757 916"
"2008","Cyprus","Total","Total","776 333"
"2009","Cyprus","Total","Total","796 930"
"2010","Cyprus","Total","Total","819 140"
"2011","Cyprus","Total","Total","839 751"
"2012","Cyprus","Total","Total","862 011"
"2013","Cyprus","Total","Total","865 878"
"1995","Latvia","Total","Total","2 500 580"
"1996","Latvia","Total","Total","2 469 531"
"1997","Latvia","Total","Total","2 444 912"
"1998","Latvia","Total","Total","2 420 789"
"1999","Latvia","Total","Total","2 399 248"
"2000","Latvia","Total","Total","2 381 715"
"2001","Latvia","Total","Total","2 353 384"
"2002","Latvia","Total","Total","2 320 956"
"2003","Latvia","Total","Total","2 299 390"
"2004","Latvia","Total","Total","2 276 520"
"2005","Latvia","Total","Total","2 249 724"
"2006","Latvia","Total","Total","2 227 874"
"2007","Latvia","Total","Total","2 208 840"
"2008","Latvia","Total","Total","2 191 810"
"2009","Latvia","Total","Total","2 162 834"
"2010","Latvia","Total","Total","2 120 504"
"2011","Latvia","Total","Total","2 074 605"
"2012","Latvia","Total","Total","2 044 813"
"2013","Latvia","Total","Total","2 023 825"
"1995","Lithuania","Total","Total","3 642 991"
"1996","Lithuania","Total","Total","3 615 212"
"1997","Lithuania","Total","Total","3 588 013"
"1998","Lithuania","Total","Total","3 562 261"
"1999","Lithuania","Total","Total","3 536 401"
"2000","Lithuania","Total","Total","3 512 074"
"2001","Lithuania","Total","Total","3 486 998"
"2002","Lithuania","Total","Total","3 454 637"
"2003","Lithuania","Total","Total","3 431 497"
"2004","Lithuania","Total","Total","3 398 929"
"2005","Lithuania","Total","Total","3 355 220"
"2006","Lithuania","Total","Total","3 289 835"
"2007","Lithuania","Total","Total","3 249 983"
"2008","Lithuania","Total","Total","3 212 605"
"2009","Lithuania","Total","Total","3 183 856"
"2010","Lithuania","Total","Total","3 141 976"
"2011","Lithuania","Total","Total","3 052 588"
"2012","Lithuania","Total","Total","3 003 641"
"2013","Lithuania","Total","Total","2 971 905"
"1995","Luxembourg","Total","Total","405 650"
"1996","Luxembourg","Total","Total","411 600"
"1997","Luxembourg","Total","Total","416 850"
"1998","Luxembourg","Total","Total","422 050"
"1999","Luxembourg","Total","Total","427 350"
"2000","Luxembourg","Total","Total","433 600"
"2001","Luxembourg","Total","Total","439 000"
"2002","Luxembourg","Total","Total","444 050"
"2003","Luxembourg","Total","Total","448 300"
"2004","Luxembourg","Total","Total","454 960"
"2005","Luxembourg","Total","Total","461 230"
"2006","Luxembourg","Total","Total","469 086"
"2007","Luxembourg","Total","Total","476 187"
"2008","Luxembourg","Total","Total","483 799"
"2009","Luxembourg","Total","Total","493 500"
"2010","Luxembourg","Total","Total","502 066"
"2011","Luxembourg","Total","Total","511 840"
"2012","Luxembourg","Total","Total","524 853"
"2013","Luxembourg","Total","Total","537 039"
"1995","Hungary","Total","Total","10 336 700"
"1996","Hungary","Total","Total","10 321 229"
"1997","Hungary","Total","Total","10 301 247"
"1998","Hungary","Total","Total","10 279 724"
"1999","Hungary","Total","Total","10 253 416"
"2000","Hungary","Total","Total","10 221 644"
"2001","Hungary","Total","Total","10 200 298"
"2002","Hungary","Total","Total","10 174 853"
"2003","Hungary","Total","Total","10 142 362"
"2004","Hungary","Total","Total","10 116 742"
"2005","Hungary","Total","Total","10 097 549"
"2006","Hungary","Total","Total","10 076 581"
"2007","Hungary","Total","Total","10 066 158"
"2008","Hungary","Total","Total","10 045 401"
"2009","Hungary","Total","Total","10 030 975"
"2010","Hungary","Total","Total","10 014 324"
"2011","Hungary","Total","Total","9 985 722"
"2012","Hungary","Total","Total","9 931 925"
"2013","Hungary","Total","Total","9 908 798"
"1995","Malta","Total","Total","369 451"
"1996","Malta","Total","Total","371 415"
"1997","Malta","Total","Total","373 958"
"1998","Malta","Total","Total","376 513"
"1999","Malta","Total","Total","378 518"
"2000","Malta","Total","Total","380 201"
"2001","Malta","Total","Total","391 415"
"2002","Malta","Total","Total","394 641"
"2003","Malta","Total","Total","397 296"
"2004","Malta","Total","Total","399 867"
"2005","Malta","Total","Total","402 668"
"2006","Malta","Total","Total","404 999"
"2007","Malta","Total","Total","405 616"
"2008","Malta","Total","Total","407 832"
"2009","Malta","Total","Total","410 926"
"2010","Malta","Total","Total","414 027"
"2011","Malta","Total","Total","414 989"
"2012","Malta","Total","Total","417 546"
"2013","Malta","Total","Total","421 364"
"1995","Netherlands","Total","Total","15 424 122"
"1996","Netherlands","Total","Total","15 493 889"
"1997","Netherlands","Total","Total","15 567 107"
"1998","Netherlands","Total","Total","15 654 192"
"1999","Netherlands","Total","Total","15 760 225"
"2000","Netherlands","Total","Total","15 863 950"
"2001","Netherlands","Total","Total","15 987 075"
"2002","Netherlands","Total","Total","16 105 285"
"2003","Netherlands","Total","Total","16 192 572"
"2004","Netherlands","Total","Total","16 258 032"
"2005","Netherlands","Total","Total","16 305 526"
"2006","Netherlands","Total","Total","16 334 210"
"2007","Netherlands","Total","Total","16 357 992"
"2008","Netherlands","Total","Total","16 405 399"
"2009","Netherlands","Total","Total","16 485 787"
"2010","Netherlands","Total","Total","16 574 989"
"2011","Netherlands","Total","Total","16 655 799"
"2012","Netherlands","Total","Total","16 730 348"
"2013","Netherlands","Total","Total","16 779 575"
"1995","Austria","Total","Total","7 943 489"
"1996","Austria","Total","Total","7 953 067"
"1997","Austria","Total","Total","7 964 966"
"1998","Austria","Total","Total","7 971 116"
"1999","Austria","Total","Total","7 982 461"
"2000","Austria","Total","Total","8 002 186"
"2001","Austria","Total","Total","8 020 946"
"2002","Austria","Total","Total","8 063 640"
"2003","Austria","Total","Total","8 100 273"
"2004","Austria","Total","Total","8 142 573"
"2005","Austria","Total","Total","8 201 359"
"2006","Austria","Total","Total","8 254 298"
"2007","Austria","Total","Total","8 282 984"
"2008","Austria","Total","Total","8 307 989"
"2009","Austria","Total","Total","8 335 003"
"2010","Austria","Total","Total","8 351 643"
"2011","Austria","Total","Total","8 375 164"
"2012","Austria","Total","Total","8 408 121"
"2013","Austria","Total","Total","8 451 860"
"1995","Poland","Total","Total","38 580 597"
"1996","Poland","Total","Total","38 609 399"
"1997","Poland","Total","Total","38 639 341"
"1998","Poland","Total","Total","38 659 979"
"1999","Poland","Total","Total","38 666 983"
"2000","Poland","Total","Total","38 263 303"
"2001","Poland","Total","Total","38 253 955"
"2002","Poland","Total","Total","38 242 197"
"2003","Poland","Total","Total","38 218 531"
"2004","Poland","Total","Total","38 190 608"
"2005","Poland","Total","Total","38 173 835"
"2006","Poland","Total","Total","38 157 055"
"2007","Poland","Total","Total","38 125 479"
"2008","Poland","Total","Total","38 115 641"
"2009","Poland","Total","Total","38 135 876"
"2010","Poland","Total","Total","38 167 329"
"2011","Poland","Total","Total","38 529 866"
"2012","Poland","Total","Total","38 538 447"
"2013","Poland","Total","Total","38 533 299"
"1995","Portugal","Total","Total","10 008 659"
"1996","Portugal","Total","Total","10 043 693"
"1997","Portugal","Total","Total","10 084 196"
"1998","Portugal","Total","Total","10 133 758"
"1999","Portugal","Total","Total","10 186 634"
"2000","Portugal","Total","Total","10 249 022"
"2001","Portugal","Total","Total","10 330 774"
"2002","Portugal","Total","Total","10 394 669"
"2003","Portugal","Total","Total","10 444 592"
"2004","Portugal","Total","Total","10 473 050"
"2005","Portugal","Total","Total","10 494 672"
"2006","Portugal","Total","Total","10 511 988"
"2007","Portugal","Total","Total","10 532 588"
"2008","Portugal","Total","Total","10 553 339"
"2009","Portugal","Total","Total","10 563 014"
"2010","Portugal","Total","Total","10 573 479"
"2011","Portugal","Total","Total","10 572 721"
"2012","Portugal","Total","Total","10 542 398"
"2013","Portugal","Total","Total","10 487 289"
"1995","Romania","Total","Total","22 712 394"
"1996","Romania","Total","Total","22 656 145"
"1997","Romania","Total","Total","22 581 862"
"1998","Romania","Total","Total","22 526 093"
"1999","Romania","Total","Total","22 488 595"
"2000","Romania","Total","Total","22 455 485"
"2001","Romania","Total","Total","22 430 457"
"2002","Romania","Total","Total","21 833 483"
"2003","Romania","Total","Total","21 627 509"
"2004","Romania","Total","Total","21 521 142"
"2005","Romania","Total","Total","21 382 354"
"2006","Romania","Total","Total","21 257 016"
"2007","Romania","Total","Total","21 130 503"
"2008","Romania","Total","Total","20 635 460"
"2009","Romania","Total","Total","20 440 290"
"2010","Romania","Total","Total","20 294 683"
"2011","Romania","Total","Total","20 199 059"
"2012","Romania","Total","Total","20 095 996"
"2013","Romania","Total","Total","20 020 074"
"1995","Slovenia","Total","Total","1 989 477"
"1996","Slovenia","Total","Total","1 990 266"
"1997","Slovenia","Total","Total","1 986 989"
"1998","Slovenia","Total","Total","1 984 923"
"1999","Slovenia","Total","Total","1 978 334"
"2000","Slovenia","Total","Total","1 987 755"
"2001","Slovenia","Total","Total","1 990 094"
"2002","Slovenia","Total","Total","1 994 026"
"2003","Slovenia","Total","Total","1 995 033"
"2004","Slovenia","Total","Total","1 996 433"
"2005","Slovenia","Total","Total","1 997 590"
"2006","Slovenia","Total","Total","2 003 358"
"2007","Slovenia","Total","Total","2 010 377"
"2008","Slovenia","Total","Total","2 010 269"
"2009","Slovenia","Total","Total","2 032 362"
"2010","Slovenia","Total","Total","2 046 976"
"2011","Slovenia","Total","Total","2 050 189"
"2012","Slovenia","Total","Total","2 055 496"
"2013","Slovenia","Total","Total","2 058 821"
"1995","Slovakia","Total","Total","5 356 207"
"1996","Slovakia","Total","Total","5 367 790"
"1997","Slovakia","Total","Total","5 378 932"
"1998","Slovakia","Total","Total","5 387 650"
"1999","Slovakia","Total","Total","5 393 382"
"2000","Slovakia","Total","Total","5 398 657"
"2001","Slovakia","Total","Total","5 378 783"
"2002","Slovakia","Total","Total","5 378 951"
"2003","Slovakia","Total","Total","5 374 873"
"2004","Slovakia","Total","Total","5 371 875"
"2005","Slovakia","Total","Total","5 372 685"
"2006","Slovakia","Total","Total","5 372 928"
"2007","Slovakia","Total","Total","5 373 180"
"2008","Slovakia","Total","Total","5 376 064"
"2009","Slovakia","Total","Total","5 382 401"
"2010","Slovakia","Total","Total","5 390 410"
"2011","Slovakia","Total","Total","5 392 446"
"2012","Slovakia","Total","Total","5 404 322"
"2013","Slovakia","Total","Total","5 410 836"
"1995","Finland","Total","Total","5 098 754"
"1996","Finland","Total","Total","5 116 826"
"1997","Finland","Total","Total","5 132 320"
"1998","Finland","Total","Total","5 147 349"
"1999","Finland","Total","Total","5 159 646"
"2000","Finland","Total","Total","5 171 302"
"2001","Finland","Total","Total","5 181 115"
"2002","Finland","Total","Total","5 194 901"
"2003","Finland","Total","Total","5 206 295"
"2004","Finland","Total","Total","5 219 732"
"2005","Finland","Total","Total","5 236 611"
"2006","Finland","Total","Total","5 255 580"
"2007","Finland","Total","Total","5 276 955"
"2008","Finland","Total","Total","5 300 484"
"2009","Finland","Total","Total","5 326 314"
"2010","Finland","Total","Total","5 351 427"
"2011","Finland","Total","Total","5 375 276"
"2012","Finland","Total","Total","5 401 267"
"2013","Finland","Total","Total","5 426 674"
"1995","Sweden","Total","Total","8 816 381"
"1996","Sweden","Total","Total","8 837 496"
"1997","Sweden","Total","Total","8 844 499"
"1998","Sweden","Total","Total","8 847 625"
"1999","Sweden","Total","Total","8 854 322"
"2000","Sweden","Total","Total","8 861 426"
"2001","Sweden","Total","Total","8 882 792"
"2002","Sweden","Total","Total","8 909 128"
"2003","Sweden","Total","Total","8 940 788"
"2004","Sweden","Total","Total","8 975 670"
"2005","Sweden","Total","Total","9 011 392"
"2006","Sweden","Total","Total","9 047 752"
"2007","Sweden","Total","Total","9 113 257"
"2008","Sweden","Total","Total","9 182 927"
"2009","Sweden","Total","Total","9 256 347"
"2010","Sweden","Total","Total","9 340 682"
"2011","Sweden","Total","Total","9 415 570"
"2012","Sweden","Total","Total","9 482 855"
"2013","Sweden","Total","Total","9 555 893"
"1995","United Kingdom","Total","Total","57 943 472"
"1996","United Kingdom","Total","Total","58 094 587"
"1997","United Kingdom","Total","Total","58 239 312"
"1998","United Kingdom","Total","Total","58 394 596"
"1999","United Kingdom","Total","Total","58 579 685"
"2000","United Kingdom","Total","Total","58 785 246"
"2001","United Kingdom","Total","Total","58 999 781"
"2002","United Kingdom","Total","Total","59 239 564"
"2003","United Kingdom","Total","Total","59 501 394"
"2004","United Kingdom","Total","Total","59 793 759"
"2005","United Kingdom","Total","Total","60 182 050"
"2006","United Kingdom","Total","Total","60 620 361"
"2007","United Kingdom","Total","Total","61 073 279"
"2008","United Kingdom","Total","Total","61 571 647"
"2009","United Kingdom","Total","Total","62 042 343"
"2010","United Kingdom","Total","Total","62 510 197"
"2011","United Kingdom","Total","Total","63 022 532"
"2012","United Kingdom","Total","Total","63 495 303"
"2013","United Kingdom","Total","Total","63 896 071"
"1995","European Economic Area (EU-28 plus IS, LI, NO)","Total","Total","486 305 516"
"1996","European Economic Area (EU-28 plus IS, LI, NO)","Total","Total","487 106 157"
"1997","European Economic Area (EU-28 plus IS, LI, NO)","Total","Total","487 868 578"
"1998","European Economic Area (EU-28 plus IS, LI, NO)","Total","Total","490 202 242"
"1999","European Economic Area (EU-28 plus IS, LI, NO)","Total","Total","490 936 023"
"2000","European Economic Area (EU-28 plus IS, LI, NO)","Total","Total","491 748 150"
"2001","European Economic Area (EU-28 plus IS, LI, NO)","Total","Total","492 970 361"
"2002","European Economic Area (EU-28 plus IS, LI, NO)","Total","Total","493 909 420"
"2003","European Economic Area (EU-28 plus IS, LI, NO)","Total","Total","495 689 632"
"2004","European Economic Area (EU-28 plus IS, LI, NO)","Total","Total","497 611 621"
"2005","European Economic Area (EU-28 plus IS, LI, NO)","Total","Total","499 709 139"
"2006","European Economic Area (EU-28 plus IS, LI, NO)","Total","Total","501 608 388"
"2007","European Economic Area (EU-28 plus IS, LI, NO)","Total","Total","503 432 521"
"2008","European Economic Area (EU-28 plus IS, LI, NO)","Total","Total","505 506 306"
"2009","European Economic Area (EU-28 plus IS, LI, NO)","Total","Total","507 340 353"
"2010","European Economic Area (EU-28 plus IS, LI, NO)","Total","Total","508 591 028"
"2011","European Economic Area (EU-28 plus IS, LI, NO)","Total","Total","510 236 428"
"2012","European Economic Area (EU-28 plus IS, LI, NO)","Total","Total","511 440 269"
"2013","European Economic Area (EU-28 plus IS, LI, NO)","Total","Total","512 572 541"
"1995","European Economic Area (EU-27 plus IS, LI, NO)","Total","Total","481 646 623"
"1996","European Economic Area (EU-27 plus IS, LI, NO)","Total","Total","482 524 990"
"1997","European Economic Area (EU-27 plus IS, LI, NO)","Total","Total","483 335 550"
"1998","European Economic Area (EU-27 plus IS, LI, NO)","Total","Total","485 665 430"
"1999","European Economic Area (EU-27 plus IS, LI, NO)","Total","Total","486 408 564"
"2000","European Economic Area (EU-27 plus IS, LI, NO)","Total","Total","487 250 415"
"2001","European Economic Area (EU-27 plus IS, LI, NO)","Total","Total","488 674 955"
"2002","European Economic Area (EU-27 plus IS, LI, NO)","Total","Total","489 603 926"
"2003","European Economic Area (EU-27 plus IS, LI, NO)","Total","Total","491 384 248"
"2004","European Economic Area (EU-27 plus IS, LI, NO)","Total","Total","493 305 896"
"2005","European Economic Area (EU-27 plus IS, LI, NO)","Total","Total","495 398 278"
"2006","European Economic Area (EU-27 plus IS, LI, NO)","Total","Total","497 295 901"
"2007","European Economic Area (EU-27 plus IS, LI, NO)","Total","Total","499 118 991"
"2008","European Economic Area (EU-27 plus IS, LI, NO)","Total","Total","501 194 339"
"2009","European Economic Area (EU-27 plus IS, LI, NO)","Total","Total","503 030 557"
"2010","European Economic Area (EU-27 plus IS, LI, NO)","Total","Total","504 288 181"
"2011","European Economic Area (EU-27 plus IS, LI, NO)","Total","Total","505 946 571"
"2012","European Economic Area (EU-27 plus IS, LI, NO)","Total","Total","507 164 285"
"2013","European Economic Area (EU-27 plus IS, LI, NO)","Total","Total","508 310 401"
"1995","European Free Trade Association","Total","Total","11 665 036"
"1996","European Free Trade Association","Total","Total","11 731 192"
"1997","European Free Trade Association","Total","Total","11 775 077"
"1998","European Free Trade Association","Total","Total","11 817 765"
"1999","European Free Trade Association","Total","Total","11 876 593"
"2000","European Free Trade Association","Total","Total","11 954 416"
"2001","European Free Trade Association","Total","Total","12 023 715"
"2002","European Free Trade Association","Total","Total","12 099 819"
"2003","European Free Trade Association","Total","Total","12 188 439"
"2004","European Free Trade Association","Total","Total","12 266 469"
"2005","European Free Trade Association","Total","Total","12 349 642"
"2006","European Free Trade Association","Total","Total","12 434 143"
"2007","European Free Trade Association","Total","Total","12 532 713"
"2008","European Free Trade Association","Total","Total","12 681 480"
"2009","European Free Trade Association","Total","Total","12 856 065"
"2010","European Free Trade Association","Total","Total","12 997 529"
"2011","European Free Trade Association","Total","Total","13 145 040"
"2012","European Free Trade Association","Total","Total","13 296 582"
"2013","European Free Trade Association","Total","Total","13 449 030"
"1995","Iceland","Total","Total","266 978"
"1996","Iceland","Total","Total","267 958"
"1997","Iceland","Total","Total","269 874"
"1998","Iceland","Total","Total","272 381"
"1999","Iceland","Total","Total","275 712"
"2000","Iceland","Total","Total","279 049"
"2001","Iceland","Total","Total","283 361"
"2002","Iceland","Total","Total","286 575"
"2003","Iceland","Total","Total","288 471"
"2004","Iceland","Total","Total","290 570"
"2005","Iceland","Total","Total","293 577"
"2006","Iceland","Total","Total","299 891"
"2007","Iceland","Total","Total","307 672"
"2008","Iceland","Total","Total","315 459"
"2009","Iceland","Total","Total","319 368"
"2010","Iceland","Total","Total","317 630"
"2011","Iceland","Total","Total","318 452"
"2012","Iceland","Total","Total","319 575"
"2013","Iceland","Total","Total","321 857"
"1995","Liechtenstein","Total","Total","30 629"
"1996","Liechtenstein","Total","Total","30 923"
"1997","Liechtenstein","Total","Total","31 143"
"1998","Liechtenstein","Total","Total","31 320"
"1999","Liechtenstein","Total","Total","32 015"
"2000","Liechtenstein","Total","Total","32 426"
"2001","Liechtenstein","Total","Total","32 863"
"2002","Liechtenstein","Total","Total","33 525"
"2003","Liechtenstein","Total","Total","33 863"
"2004","Liechtenstein","Total","Total","34 294"
"2005","Liechtenstein","Total","Total","34 600"
"2006","Liechtenstein","Total","Total","34 905"
"2007","Liechtenstein","Total","Total","35 168"
"2008","Liechtenstein","Total","Total","35 356"
"2009","Liechtenstein","Total","Total","35 589"
"2010","Liechtenstein","Total","Total","35 894"
"2011","Liechtenstein","Total","Total","36 149"
"2012","Liechtenstein","Total","Total","36 475"
"2013","Liechtenstein","Total","Total","36 838"
"1995","Norway","Total","Total","4 348 410"
"1996","Norway","Total","Total","4 369 957"
"1997","Norway","Total","Total","4 392 714"
"1998","Norway","Total","Total","4 417 599"
"1999","Norway","Total","Total","4 445 329"
"2000","Norway","Total","Total","4 478 497"
"2001","Norway","Total","Total","4 503 436"
"2002","Norway","Total","Total","4 524 066"
"2003","Norway","Total","Total","4 552 252"
"2004","Norway","Total","Total","4 577 457"
"2005","Norway","Total","Total","4 606 363"
"2006","Norway","Total","Total","4 640 219"
"2007","Norway","Total","Total","4 681 134"
"2008","Norway","Total","Total","4 737 171"
"2009","Norway","Total","Total","4 799 252"
"2010","Norway","Total","Total","4 858 199"
"2011","Norway","Total","Total","4 920 305"
"2012","Norway","Total","Total","4 985 870"
"2013","Norway","Total","Total","5 051 275"
"1995","Switzerland","Total","Total","7 019 019"
"1996","Switzerland","Total","Total","7 062 354"
"1997","Switzerland","Total","Total","7 081 346"
"1998","Switzerland","Total","Total","7 096 465"
"1999","Switzerland","Total","Total","7 123 537"
"2000","Switzerland","Total","Total","7 164 444"
"2001","Switzerland","Total","Total","7 204 055"
"2002","Switzerland","Total","Total","7 255 653"
"2003","Switzerland","Total","Total","7 313 853"
"2004","Switzerland","Total","Total","7 364 148"
"2005","Switzerland","Total","Total","7 415 102"
"2006","Switzerland","Total","Total","7 459 128"
"2007","Switzerland","Total","Total","7 508 739"
"2008","Switzerland","Total","Total","7 593 494"
"2009","Switzerland","Total","Total","7 701 856"
"2010","Switzerland","Total","Total","7 785 806"
"2011","Switzerland","Total","Total","7 870 134"
"2012","Switzerland","Total","Total","7 954 662"
"2013","Switzerland","Total","Total","8 039 060"
"1995","Montenegro","Total","Total",":"
"1996","Montenegro","Total","Total",":"
"1997","Montenegro","Total","Total",":"
"1998","Montenegro","Total","Total",":"
"1999","Montenegro","Total","Total",":"
"2000","Montenegro","Total","Total","612 496"
"2001","Montenegro","Total","Total","614 791"
"2002","Montenegro","Total","Total","617 085"
"2003","Montenegro","Total","Total","619 300"
"2004","Montenegro","Total","Total","621 258"
"2005","Montenegro","Total","Total","622 978"
"2006","Montenegro","Total","Total","623 576"
"2007","Montenegro","Total","Total","624 896"
"2008","Montenegro","Total","Total","627 508"
"2009","Montenegro","Total","Total","630 142"
"2010","Montenegro","Total","Total","616 411"
"2011","Montenegro","Total","Total","619 872"
"2012","Montenegro","Total","Total","621 240"
"2013","Montenegro","Total","Total","622 777"
"1995","Former Yugoslav Republic of Macedonia, the","Total","Total","1 957 265"
"1996","Former Yugoslav Republic of Macedonia, the","Total","Total","1 971 687"
"1997","Former Yugoslav Republic of Macedonia, the","Total","Total","1 991 398"
"1998","Former Yugoslav Republic of Macedonia, the","Total","Total","2 002 340"
"1999","Former Yugoslav Republic of Macedonia, the","Total","Total","2 012 705"
"2000","Former Yugoslav Republic of Macedonia, the","Total","Total","2 021 578"
"2001","Former Yugoslav Republic of Macedonia, the","Total","Total","2 031 112"
"2002","Former Yugoslav Republic of Macedonia, the","Total","Total","2 038 651"
"2003","Former Yugoslav Republic of Macedonia, the","Total","Total","2 023 654"
"2004","Former Yugoslav Republic of Macedonia, the","Total","Total","2 029 892"
"2005","Former Yugoslav Republic of Macedonia, the","Total","Total","2 035 196"
"2006","Former Yugoslav Republic of Macedonia, the","Total","Total","2 038 514"
"2007","Former Yugoslav Republic of Macedonia, the","Total","Total","2 041 941"
"2008","Former Yugoslav Republic of Macedonia, the","Total","Total","2 045 177"
"2009","Former Yugoslav Republic of Macedonia, the","Total","Total","2 048 619"
"2010","Former Yugoslav Republic of Macedonia, the","Total","Total","2 052 722"
"2011","Former Yugoslav Republic of Macedonia, the","Total","Total","2 057 284"
"2012","Former Yugoslav Republic of Macedonia, the","Total","Total","2 059 794"
"2013","Former Yugoslav Republic of Macedonia, the","Total","Total","2 062 294"
"1995","Serbia","Total","Total",":"
"1996","Serbia","Total","Total",":"
"1997","Serbia","Total","Total",":"
"1998","Serbia","Total","Total",":"
"1999","Serbia","Total","Total","7 552 850"
"2000","Serbia","Total","Total","7 527 952"
"2001","Serbia","Total","Total","7 504 739"
"2002","Serbia","Total","Total","7 502 126"
"2003","Serbia","Total","Total","7 490 918"
"2004","Serbia","Total","Total","7 470 263"
"2005","Serbia","Total","Total","7 456 050"
"2006","Serbia","Total","Total","7 425 487"
"2007","Serbia","Total","Total","7 397 651"
"2008","Serbia","Total","Total","7 365 507"
"2009","Serbia","Total","Total","7 334 937"
"2010","Serbia","Total","Total","7 306 677"
"2011","Serbia","Total","Total","7 251 549"
"2012","Serbia","Total","Total","7 216 649"
"2013","Serbia","Total","Total","7 181 505"
"1995","Turkey","Total","Total","61 203 584"
"1996","Turkey","Total","Total","62 337 617"
"1997","Turkey","Total","Total","63 484 661"
"1998","Turkey","Total","Total","64 641 675"
"1999","Turkey","Total","Total","65 786 563"
"2000","Turkey","Total","Total","66 889 425"
"2001","Turkey","Total","Total","67 895 581"
"2002","Turkey","Total","Total","68 838 069"
"2003","Turkey","Total","Total","69 770 026"
"2004","Turkey","Total","Total","70 692 009"
"2005","Turkey","Total","Total","71 610 009"
"2006","Turkey","Total","Total","72 519 974"
"2007","Turkey","Total","Total","69 689 256"
"2008","Turkey","Total","Total","70 586 256"
"2009","Turkey","Total","Total","71 517 100"
"2010","Turkey","Total","Total","72 561 312"
"2011","Turkey","Total","Total","73 722 988"
"2012","Turkey","Total","Total","74 724 269"
"2013","Turkey","Total","Total","75 627 384"
"1995","Albania","Total","Total","3 248 836"
"1996","Albania","Total","Total","3 283 000"
"1997","Albania","Total","Total","3 324 317"
"1998","Albania","Total","Total","3 354 341"
"1999","Albania","Total","Total","3 373 445"
"2000","Albania","Total","Total","3 058 497"
"2001","Albania","Total","Total","3 063 318"
"2002","Albania","Total","Total","3 084 148"
"2003","Albania","Total","Total","3 102 781"
"2004","Albania","Total","Total","3 119 548"
"2005","Albania","Total","Total","3 134 975"
"2006","Albania","Total","Total","3 149 143"
"2007","Albania","Total","Total","3 152 625"
"2008","Albania","Total","Total","3 170 050"
"2009","Albania","Total","Total","3 184 701"
"2010","Albania","Total","Total",":"
"2011","Albania","Total","Total","2 831 741"
"2012","Albania","Total","Total",":"
"2013","Albania","Total","Total",":"
"1995","Andorra","Total","Total","64 311"
"1996","Andorra","Total","Total","63 859"
"1997","Andorra","Total","Total","64 479"
"1998","Andorra","Total","Total","65 306"
"1999","Andorra","Total","Total","65 877"
"2000","Andorra","Total","Total","65 971"
"2001","Andorra","Total","Total","65 844"
"2002","Andorra","Total","Total","66 334"
"2003","Andorra","Total","Total","67 159"
"2004","Andorra","Total","Total","72 320"
"2005","Andorra","Total","Total","76 875"
"2006","Andorra","Total","Total","78 549"
"2007","Andorra","Total","Total","81 222"
"2008","Andorra","Total","Total","83 137"
"2009","Andorra","Total","Total","84 484"
"2010","Andorra","Total","Total","84 082"
"2011","Andorra","Total","Total","78 115"
"2012","Andorra","Total","Total","78 115"
"2013","Andorra","Total","Total","76 246"
"1995","Belarus","Total","Total",":"
"1996","Belarus","Total","Total",":"
"1997","Belarus","Total","Total",":"
"1998","Belarus","Total","Total",":"
"1999","Belarus","Total","Total",":"
"2000","Belarus","Total","Total","10 019 480"
"2001","Belarus","Total","Total","9 990 435"
"2002","Belarus","Total","Total","9 950 941"
"2003","Belarus","Total","Total","9 898 590"
"2004","Belarus","Total","Total","9 849 062"
"2005","Belarus","Total","Total","9 800 073"
"2006","Belarus","Total","Total","9 750 540"
"2007","Belarus","Total","Total","9 714 461"
"2008","Belarus","Total","Total","9 689 770"
"2009","Belarus","Total","Total","9 671 912"
"2010","Belarus","Total","Total","9 480 178"
"2011","Belarus","Total","Total","9 481 193"
"2012","Belarus","Total","Total","9 465 150"
"2013","Belarus","Total","Total","9 463 840"
"1995","Bosnia and Herzegovina","Total","Total",":"
"1996","Bosnia and Herzegovina","Total","Total",":"
"1997","Bosnia and Herzegovina","Total","Total","3 727 439"
"1998","Bosnia and Herzegovina","Total","Total","3 549 736"
"1999","Bosnia and Herzegovina","Total","Total",":"
"2000","Bosnia and Herzegovina","Total","Total","3 753 085"
"2001","Bosnia and Herzegovina","Total","Total","3 789 717"
"2002","Bosnia and Herzegovina","Total","Total","3 813 167"
"2003","Bosnia and Herzegovina","Total","Total","3 830 349"
"2004","Bosnia and Herzegovina","Total","Total","3 837 414"
"2005","Bosnia and Herzegovina","Total","Total","3 842 532"
"2006","Bosnia and Herzegovina","Total","Total","3 842 650"
"2007","Bosnia and Herzegovina","Total","Total","3 844 017"
"2008","Bosnia and Herzegovina","Total","Total","3 843 846"
"2009","Bosnia and Herzegovina","Total","Total","3 843 998"
"2010","Bosnia and Herzegovina","Total","Total","3 844 046"
"2011","Bosnia and Herzegovina","Total","Total","3 843 183"
"2012","Bosnia and Herzegovina","Total","Total","3 839 265"
"2013","Bosnia and Herzegovina","Total","Total",":"
"1995","Kosovo (under United Nations Security Council Resolution 1244/99)","Total","Total",":"
"1996","Kosovo (under United Nations Security Council Resolution 1244/99)","Total","Total",":"
"1997","Kosovo (under United Nations Security Council Resolution 1244/99)","Total","Total",":"
"1998","Kosovo (under United Nations Security Council Resolution 1244/99)","Total","Total",":"
"1999","Kosovo (under United Nations Security Council Resolution 1244/99)","Total","Total",":"
"2000","Kosovo (under United Nations Security Council Resolution 1244/99)","Total","Total",":"
"2001","Kosovo (under United Nations Security Council Resolution 1244/99)","Total","Total",":"
"2002","Kosovo (under United Nations Security Council Resolution 1244/99)","Total","Total",":"
"2003","Kosovo (under United Nations Security Council Resolution 1244/99)","Total","Total","1 985 000"
"2004","Kosovo (under United Nations Security Council Resolution 1244/99)","Total","Total","2 016 000"
"2005","Kosovo (under United Nations Security Council Resolution 1244/99)","Total","Total","2 041 000"
"2006","Kosovo (under United Nations Security Council Resolution 1244/99)","Total","Total","2 100 000"
"2007","Kosovo (under United Nations Security Council Resolution 1244/99)","Total","Total","2 126 708"
"2008","Kosovo (under United Nations Security Council Resolution 1244/99)","Total","Total","2 153 139"
"2009","Kosovo (under United Nations Security Council Resolution 1244/99)","Total","Total","2 180 686"
"2010","Kosovo (under United Nations Security Council Resolution 1244/99)","Total","Total","2 208 107"
"2011","Kosovo (under United Nations Security Council Resolution 1244/99)","Total","Total","1 794 180"
"2012","Kosovo (under United Nations Security Council Resolution 1244/99)","Total","Total",":"
"2013","Kosovo (under United Nations Security Council Resolution 1244/99)","Total","Total",":"
"1995","Moldova","Total","Total",":"
"1996","Moldova","Total","Total",":"
"1997","Moldova","Total","Total",":"
"1998","Moldova","Total","Total",":"
"1999","Moldova","Total","Total",":"
"2000","Moldova","Total","Total","3 644 070"
"2001","Moldova","Total","Total","3 635 112"
"2002","Moldova","Total","Total","3 627 812"
"2003","Moldova","Total","Total","3 618 312"
"2004","Moldova","Total","Total","3 607 435"
"2005","Moldova","Total","Total","3 600 436"
"2006","Moldova","Total","Total","3 589 936"
"2007","Moldova","Total","Total","3 581 110"
"2008","Moldova","Total","Total","3 572 703"
"2009","Moldova","Total","Total","3 567 512"
"2010","Moldova","Total","Total","3 563 695"
"2011","Moldova","Total","Total","3 560 430"
"2012","Moldova","Total","Total","3 559 541"
"2013","Moldova","Total","Total","3 559 497"
"1995","Monaco","Total","Total",":"
"1996","Monaco","Total","Total",":"
"1997","Monaco","Total","Total",":"
"1998","Monaco","Total","Total",":"
"1999","Monaco","Total","Total",":"
"2000","Monaco","Total","Total",":"
"2001","Monaco","Total","Total",":"
"2002","Monaco","Total","Total",":"
"2003","Monaco","Total","Total",":"
"2004","Monaco","Total","Total","32 828"
"2005","Monaco","Total","Total","33 085"
"2006","Monaco","Total","Total",":"
"2007","Monaco","Total","Total",":"
"2008","Monaco","Total","Total",":"
"2009","Monaco","Total","Total",":"
"2010","Monaco","Total","Total",":"
"2011","Monaco","Total","Total",":"
"2012","Monaco","Total","Total",":"
"2013","Monaco","Total","Total",":"
"1995","Russia","Total","Total",":"
"1996","Russia","Total","Total",":"
"1997","Russia","Total","Total",":"
"1998","Russia","Total","Total",":"
"1999","Russia","Total","Total",":"
"2000","Russia","Total","Total","146 890 128"
"2001","Russia","Total","Total","146 303 611"
"2002","Russia","Total","Total","145 649 334"
"2003","Russia","Total","Total","145 166 731"
"2004","Russia","Total","Total","144 168 205"
"2005","Russia","Total","Total","143 474 219"
"2006","Russia","Total","Total","142 753 551"
"2007","Russia","Total","Total","142 220 968"
"2008","Russia","Total","Total","142 008 838"
"2009","Russia","Total","Total","141 903 979"
"2010","Russia","Total","Total","141 914 509"
"2011","Russia","Total","Total","142 856 536"
"2012","Russia","Total","Total","143 056 383"
"2013","Russia","Total","Total",":"
"1995","San Marino","Total","Total",":"
"1996","San Marino","Total","Total",":"
"1997","San Marino","Total","Total",":"
"1998","San Marino","Total","Total",":"
"1999","San Marino","Total","Total",":"
"2000","San Marino","Total","Total",":"
"2001","San Marino","Total","Total",":"
"2002","San Marino","Total","Total",":"
"2003","San Marino","Total","Total",":"
"2004","San Marino","Total","Total","29 241"
"2005","San Marino","Total","Total","29 673"
"2006","San Marino","Total","Total","29 999"
"2007","San Marino","Total","Total","30 368"
"2008","San Marino","Total","Total","32 054"
"2009","San Marino","Total","Total","31 269"
"2010","San Marino","Total","Total",":"
"2011","San Marino","Total","Total","31 863"
"2012","San Marino","Total","Total","33 376"
"2013","San Marino","Total","Total","33 562"
"1995","Ukraine","Total","Total",":"
"1996","Ukraine","Total","Total",":"
"1997","Ukraine","Total","Total",":"
"1998","Ukraine","Total","Total",":"
"1999","Ukraine","Total","Total",":"
"2000","Ukraine","Total","Total","49 114 950"
"2001","Ukraine","Total","Total","48 663 609"
"2002","Ukraine","Total","Total","48 240 902"
"2003","Ukraine","Total","Total","47 823 108"
"2004","Ukraine","Total","Total","47 442 079"
"2005","Ukraine","Total","Total","47 100 462"
"2006","Ukraine","Total","Total","46 749 170"
"2007","Ukraine","Total","Total","46 465 691"
"2008","Ukraine","Total","Total","46 192 309"
"2009","Ukraine","Total","Total","45 963 359"
"2010","Ukraine","Total","Total","45 782 592"
"2011","Ukraine","Total","Total","45 598 179"
"2012","Ukraine","Total","Total","45 453 282"
"2013","Ukraine","Total","Total","45 372 692"
"1995","Armenia","Total","Total",":"
"1996","Armenia","Total","Total",":"
"1997","Armenia","Total","Total",":"
"1998","Armenia","Total","Total",":"
"1999","Armenia","Total","Total",":"
"2000","Armenia","Total","Total","3 226 900"
"2001","Armenia","Total","Total","3 215 300"
"2002","Armenia","Total","Total","3 212 900"
"2003","Armenia","Total","Total","3 210 300"
"2004","Armenia","Total","Total","3 212 200"
"2005","Armenia","Total","Total","3 215 800"
"2006","Armenia","Total","Total","3 219 234"
"2007","Armenia","Total","Total","3 222 953"
"2008","Armenia","Total","Total","3 230 086"
"2009","Armenia","Total","Total","3 237 976"
"2010","Armenia","Total","Total","3 249 482"
"2011","Armenia","Total","Total","3 262 650"
"2012","Armenia","Total","Total","3 274 285"
"2013","Armenia","Total","Total",":"
"1995","Azerbaijan","Total","Total",":"
"1996","Azerbaijan","Total","Total",":"
"1997","Azerbaijan","Total","Total",":"
"1998","Azerbaijan","Total","Total",":"
"1999","Azerbaijan","Total","Total",":"
"2000","Azerbaijan","Total","Total","8 016 200"
"2001","Azerbaijan","Total","Total","8 081 000"
"2002","Azerbaijan","Total","Total","8 141 400"
"2003","Azerbaijan","Total","Total","8 202 500"
"2004","Azerbaijan","Total","Total","8 265 700"
"2005","Azerbaijan","Total","Total","8 347 300"
"2006","Azerbaijan","Total","Total","8 436 400"
"2007","Azerbaijan","Total","Total","8 532 700"
"2008","Azerbaijan","Total","Total","8 629 900"
"2009","Azerbaijan","Total","Total","8 896 900"
"2010","Azerbaijan","Total","Total","8 997 586"
"2011","Azerbaijan","Total","Total","9 111 078"
"2012","Azerbaijan","Total","Total","9 235 085"
"2013","Azerbaijan","Total","Total","9 356 483"
"1995","Georgia","Total","Total",":"
"1996","Georgia","Total","Total",":"
"1997","Georgia","Total","Total",":"
"1998","Georgia","Total","Total",":"
"1999","Georgia","Total","Total",":"
"2000","Georgia","Total","Total","4 435 200"
"2001","Georgia","Total","Total","4 401 400"
"2002","Georgia","Total","Total","4 371 500"
"2003","Georgia","Total","Total","4 352 600"
"2004","Georgia","Total","Total","4 315 200"
"2005","Georgia","Total","Total","4 321 500"
"2006","Georgia","Total","Total","4 401 292"
"2007","Georgia","Total","Total","4 394 702"
"2008","Georgia","Total","Total","4 382 070"
"2009","Georgia","Total","Total","4 385 429"
"2010","Georgia","Total","Total","4 436 391"
"2011","Georgia","Total","Total","4 469 250"
"2012","Georgia","Total","Total","4 497 617"
"2013","Georgia","Total","Total",":"
